ISO-10303-21;
HEADER;
/* Generated by software containing ST-Developer
 * from STEP Tools, Inc. (www.steptools.com) 
 */

FILE_DESCRIPTION(
/* description */ (''),
/* implementation_level */ '2;1');

FILE_NAME(
/* name */ 'Rail Pin.step',
/* time_stamp */ '2023-12-21T05:28:31+01:00',
/* author */ (''),
/* organization */ (''),
/* preprocessor_version */ 'ST-DEVELOPER v20',
/* originating_system */ 'Autodesk Translation Framework v12.14.0.127',

/* authorisation */ '');

FILE_SCHEMA (('AUTOMOTIVE_DESIGN { 1 0 10303 214 3 1 1 }'));
ENDSEC;

DATA;
#10=MECHANICAL_DESIGN_GEOMETRIC_PRESENTATION_REPRESENTATION('',(#17),#2129);
#11=ITEM_DEFINED_TRANSFORMATION($,$,#1039,#1112);
#12=(
REPRESENTATION_RELATIONSHIP($,$,#2140,#2139)
REPRESENTATION_RELATIONSHIP_WITH_TRANSFORMATION(#11)
SHAPE_REPRESENTATION_RELATIONSHIP()
);
#13=CONTEXT_DEPENDENT_SHAPE_REPRESENTATION(#12,#2138);
#14=NEXT_ASSEMBLY_USAGE_OCCURRENCE('Halter:1','Halter:1','Halter:1',#2142,
#2143,'Halter:1');
#15=SHAPE_REPRESENTATION_RELATIONSHIP('SRR','None',#2140,#16);
#16=ADVANCED_BREP_SHAPE_REPRESENTATION('',(#18),#2128);
#17=STYLED_ITEM('',(#2157),#18);
#18=MANIFOLD_SOLID_BREP('K\X\F6rper1',#1025);
#19=(
BOUNDED_SURFACE()
B_SPLINE_SURFACE(5,1,((#1654,#1655),(#1656,#1657),(#1658,#1659),(#1660,
#1661),(#1662,#1663),(#1664,#1665),(#1666,#1667),(#1668,#1669),(#1670,#1671),
(#1672,#1673),(#1674,#1675),(#1676,#1677),(#1678,#1679),(#1680,#1681),(#1682,
#1683)),.UNSPECIFIED.,.F.,.F.,.F.)
B_SPLINE_SURFACE_WITH_KNOTS((6,1,1,1,1,1,1,1,1,1,6),(2,2),(-1.,-0.9,-0.8,
-0.7,-0.6,-0.5,-0.4,-0.3,-0.2,-0.1,0.),(0.,0.3),.UNSPECIFIED.)
GEOMETRIC_REPRESENTATION_ITEM()
RATIONAL_B_SPLINE_SURFACE(((1.,1.),(1.,1.),(1.,1.),(1.,1.),(1.,1.),(1.,
1.),(1.,1.),(1.,1.),(1.,1.),(1.,1.),(1.,1.),(1.,1.),(1.,1.),(1.,1.),(1.,
1.)))
REPRESENTATION_ITEM('')
SURFACE()
);
#20=(
BOUNDED_SURFACE()
B_SPLINE_SURFACE(5,1,((#1705,#1706),(#1707,#1708),(#1709,#1710),(#1711,
#1712),(#1713,#1714),(#1715,#1716),(#1717,#1718),(#1719,#1720),(#1721,#1722),
(#1723,#1724),(#1725,#1726),(#1727,#1728),(#1729,#1730),(#1731,#1732),(#1733,
#1734)),.UNSPECIFIED.,.F.,.F.,.F.)
B_SPLINE_SURFACE_WITH_KNOTS((6,1,1,1,1,1,1,1,1,1,6),(2,2),(-1.,-0.9,-0.8,
-0.7,-0.6,-0.5,-0.4,-0.3,-0.2,-0.1,0.),(0.,0.3),.UNSPECIFIED.)
GEOMETRIC_REPRESENTATION_ITEM()
RATIONAL_B_SPLINE_SURFACE(((1.,1.),(1.,1.),(1.,1.),(1.,1.),(1.,1.),(1.,
1.),(1.,1.),(1.,1.),(1.,1.),(1.,1.),(1.,1.),(1.,1.),(1.,1.),(1.,1.),(1.,
1.)))
REPRESENTATION_ITEM('')
SURFACE()
);
#21=(
BOUNDED_SURFACE()
B_SPLINE_SURFACE(5,1,((#1756,#1757),(#1758,#1759),(#1760,#1761),(#1762,
#1763),(#1764,#1765),(#1766,#1767),(#1768,#1769),(#1770,#1771),(#1772,#1773),
(#1774,#1775),(#1776,#1777),(#1778,#1779),(#1780,#1781),(#1782,#1783),(#1784,
#1785)),.UNSPECIFIED.,.F.,.F.,.F.)
B_SPLINE_SURFACE_WITH_KNOTS((6,1,1,1,1,1,1,1,1,1,6),(2,2),(-1.,-0.9,-0.8,
-0.7,-0.6,-0.5,-0.4,-0.3,-0.2,-0.1,0.),(0.,0.3),.UNSPECIFIED.)
GEOMETRIC_REPRESENTATION_ITEM()
RATIONAL_B_SPLINE_SURFACE(((1.,1.),(1.,1.),(1.,1.),(1.,1.),(1.,1.),(1.,
1.),(1.,1.),(1.,1.),(1.,1.),(1.,1.),(1.,1.),(1.,1.),(1.,1.),(1.,1.),(1.,
1.)))
REPRESENTATION_ITEM('')
SURFACE()
);
#22=(
BOUNDED_SURFACE()
B_SPLINE_SURFACE(5,1,((#1823,#1824),(#1825,#1826),(#1827,#1828),(#1829,
#1830),(#1831,#1832),(#1833,#1834),(#1835,#1836),(#1837,#1838),(#1839,#1840),
(#1841,#1842),(#1843,#1844),(#1845,#1846),(#1847,#1848),(#1849,#1850),(#1851,
#1852)),.UNSPECIFIED.,.F.,.F.,.F.)
B_SPLINE_SURFACE_WITH_KNOTS((6,1,1,1,1,1,1,1,1,1,6),(2,2),(0.,0.1,0.2,0.3,
0.4,0.5,0.6,0.7,0.8,0.9,1.),(0.,0.3),.UNSPECIFIED.)
GEOMETRIC_REPRESENTATION_ITEM()
RATIONAL_B_SPLINE_SURFACE(((1.,1.),(1.,1.),(1.,1.),(1.,1.),(1.,1.),(1.,
1.),(1.,1.),(1.,1.),(1.,1.),(1.,1.),(1.,1.),(1.,1.),(1.,1.),(1.,1.),(1.,
1.)))
REPRESENTATION_ITEM('')
SURFACE()
);
#23=(
BOUNDED_SURFACE()
B_SPLINE_SURFACE(5,1,((#1872,#1873),(#1874,#1875),(#1876,#1877),(#1878,
#1879),(#1880,#1881),(#1882,#1883),(#1884,#1885),(#1886,#1887),(#1888,#1889),
(#1890,#1891),(#1892,#1893),(#1894,#1895),(#1896,#1897),(#1898,#1899),(#1900,
#1901)),.UNSPECIFIED.,.F.,.F.,.F.)
B_SPLINE_SURFACE_WITH_KNOTS((6,1,1,1,1,1,1,1,1,1,6),(2,2),(-1.,-0.9,-0.8,
-0.7,-0.6,-0.5,-0.4,-0.3,-0.2,-0.1,0.),(0.,0.3),.UNSPECIFIED.)
GEOMETRIC_REPRESENTATION_ITEM()
RATIONAL_B_SPLINE_SURFACE(((1.,1.),(1.,1.),(1.,1.),(1.,1.),(1.,1.),(1.,
1.),(1.,1.),(1.,1.),(1.,1.),(1.,1.),(1.,1.),(1.,1.),(1.,1.),(1.,1.),(1.,
1.)))
REPRESENTATION_ITEM('')
SURFACE()
);
#24=(
BOUNDED_SURFACE()
B_SPLINE_SURFACE(5,1,((#1939,#1940),(#1941,#1942),(#1943,#1944),(#1945,
#1946),(#1947,#1948),(#1949,#1950),(#1951,#1952),(#1953,#1954),(#1955,#1956),
(#1957,#1958),(#1959,#1960),(#1961,#1962),(#1963,#1964),(#1965,#1966),(#1967,
#1968)),.UNSPECIFIED.,.F.,.F.,.F.)
B_SPLINE_SURFACE_WITH_KNOTS((6,1,1,1,1,1,1,1,1,1,6),(2,2),(-1.,-0.9,-0.8,
-0.7,-0.6,-0.5,-0.4,-0.3,-0.2,-0.1,0.),(0.,0.3),.UNSPECIFIED.)
GEOMETRIC_REPRESENTATION_ITEM()
RATIONAL_B_SPLINE_SURFACE(((1.,1.),(1.,1.),(1.,1.),(1.,1.),(1.,1.),(1.,
1.),(1.,1.),(1.,1.),(1.,1.),(1.,1.),(1.,1.),(1.,1.),(1.,1.),(1.,1.),(1.,
1.)))
REPRESENTATION_ITEM('')
SURFACE()
);
#25=(
BOUNDED_SURFACE()
B_SPLINE_SURFACE(5,1,((#1990,#1991),(#1992,#1993),(#1994,#1995),(#1996,
#1997),(#1998,#1999),(#2000,#2001),(#2002,#2003),(#2004,#2005),(#2006,#2007),
(#2008,#2009),(#2010,#2011),(#2012,#2013),(#2014,#2015),(#2016,#2017),(#2018,
#2019)),.UNSPECIFIED.,.F.,.F.,.F.)
B_SPLINE_SURFACE_WITH_KNOTS((6,1,1,1,1,1,1,1,1,1,6),(2,2),(-1.,-0.9,-0.8,
-0.7,-0.6,-0.5,-0.4,-0.3,-0.2,-0.1,0.),(0.,0.3),.UNSPECIFIED.)
GEOMETRIC_REPRESENTATION_ITEM()
RATIONAL_B_SPLINE_SURFACE(((1.,1.),(1.,1.),(1.,1.),(1.,1.),(1.,1.),(1.,
1.),(1.,1.),(1.,1.),(1.,1.),(1.,1.),(1.,1.),(1.,1.),(1.,1.),(1.,1.),(1.,
1.)))
REPRESENTATION_ITEM('')
SURFACE()
);
#26=(
BOUNDED_SURFACE()
B_SPLINE_SURFACE(5,1,((#2041,#2042),(#2043,#2044),(#2045,#2046),(#2047,
#2048),(#2049,#2050),(#2051,#2052),(#2053,#2054),(#2055,#2056),(#2057,#2058),
(#2059,#2060),(#2061,#2062),(#2063,#2064),(#2065,#2066),(#2067,#2068),(#2069,
#2070)),.UNSPECIFIED.,.F.,.F.,.F.)
B_SPLINE_SURFACE_WITH_KNOTS((6,1,1,1,1,1,1,1,1,1,6),(2,2),(-1.,-0.9,-0.8,
-0.7,-0.6,-0.5,-0.4,-0.3,-0.2,-0.1,0.),(0.,0.3),.UNSPECIFIED.)
GEOMETRIC_REPRESENTATION_ITEM()
RATIONAL_B_SPLINE_SURFACE(((1.,1.),(1.,1.),(1.,1.),(1.,1.),(1.,1.),(1.,
1.),(1.,1.),(1.,1.),(1.,1.),(1.,1.),(1.,1.),(1.,1.),(1.,1.),(1.,1.),(1.,
1.)))
REPRESENTATION_ITEM('')
SURFACE()
);
#27=CYLINDRICAL_SURFACE('',#1064,0.999999999999999);
#28=CYLINDRICAL_SURFACE('',#1067,0.999999999999996);
#29=CYLINDRICAL_SURFACE('',#1070,0.999999999999999);
#30=CYLINDRICAL_SURFACE('',#1073,0.999999999999996);
#31=CYLINDRICAL_SURFACE('',#1075,0.49999999999998);
#32=CYLINDRICAL_SURFACE('',#1081,0.511737106449864);
#33=CYLINDRICAL_SURFACE('',#1084,0.999999999999996);
#34=CYLINDRICAL_SURFACE('',#1089,1.);
#35=CYLINDRICAL_SURFACE('',#1092,0.511737106449868);
#36=CYLINDRICAL_SURFACE('',#1098,0.499999999999991);
#37=CYLINDRICAL_SURFACE('',#1101,3.4);
#38=CYLINDRICAL_SURFACE('',#1103,3.44151031758985);
#39=CYLINDRICAL_SURFACE('',#1106,3.44151031758985);
#40=CYLINDRICAL_SURFACE('',#1108,3.4);
#41=FACE_BOUND('',#148,.T.);
#42=FACE_BOUND('',#192,.T.);
#43=CIRCLE('',#1049,0.999999999999996);
#44=CIRCLE('',#1050,0.511737106449864);
#45=CIRCLE('',#1051,0.49999999999998);
#46=CIRCLE('',#1052,3.4);
#47=CIRCLE('',#1053,3.44151031758985);
#48=CIRCLE('',#1054,3.44151031758985);
#49=CIRCLE('',#1055,3.4);
#50=CIRCLE('',#1056,0.499999999999991);
#51=CIRCLE('',#1057,0.511737106449868);
#52=CIRCLE('',#1058,1.);
#53=CIRCLE('',#1059,0.999999999999996);
#54=CIRCLE('',#1060,0.999999999999999);
#55=CIRCLE('',#1061,0.999999999999996);
#56=CIRCLE('',#1062,0.999999999999999);
#57=CIRCLE('',#1065,0.999999999999999);
#58=CIRCLE('',#1068,0.999999999999996);
#59=CIRCLE('',#1071,0.999999999999999);
#60=CIRCLE('',#1074,0.999999999999996);
#61=CIRCLE('',#1076,0.49999999999998);
#62=CIRCLE('',#1082,0.511737106449864);
#63=CIRCLE('',#1085,0.999999999999996);
#64=CIRCLE('',#1090,1.);
#65=CIRCLE('',#1093,0.511737106449868);
#66=CIRCLE('',#1099,0.499999999999991);
#67=CIRCLE('',#1102,3.4);
#68=CIRCLE('',#1104,3.44151031758985);
#69=CIRCLE('',#1107,3.44151031758985);
#70=CIRCLE('',#1109,3.4);
#71=(
BOUNDED_CURVE()
B_SPLINE_CURVE(5,(#1420,#1421,#1422,#1423,#1424,#1425,#1426,#1427,#1428,
#1429,#1430,#1431,#1432,#1433,#1434),.UNSPECIFIED.,.F.,.F.)
B_SPLINE_CURVE_WITH_KNOTS((6,1,1,1,1,1,1,1,1,1,6),(0.,0.1,0.2,0.3,0.4,0.5,
0.6,0.7,0.8,0.9,1.),.UNSPECIFIED.)
CURVE()
GEOMETRIC_REPRESENTATION_ITEM()
RATIONAL_B_SPLINE_CURVE((1.,1.,1.,1.,1.,1.,1.,1.,1.,1.,1.,1.,1.,1.,1.))
REPRESENTATION_ITEM('')
);
#72=(
BOUNDED_CURVE()
B_SPLINE_CURVE(5,(#1446,#1447,#1448,#1449,#1450,#1451,#1452,#1453,#1454,
#1455,#1456,#1457,#1458,#1459,#1460),.UNSPECIFIED.,.F.,.F.)
B_SPLINE_CURVE_WITH_KNOTS((6,1,1,1,1,1,1,1,1,1,6),(-1.,-0.9,-0.8,-0.7,-0.6,
-0.5,-0.4,-0.3,-0.2,-0.1,0.),.UNSPECIFIED.)
CURVE()
GEOMETRIC_REPRESENTATION_ITEM()
RATIONAL_B_SPLINE_CURVE((1.,1.,1.,1.,1.,1.,1.,1.,1.,1.,1.,1.,1.,1.,1.))
REPRESENTATION_ITEM('')
);
#73=(
BOUNDED_CURVE()
B_SPLINE_CURVE(5,(#1464,#1465,#1466,#1467,#1468,#1469,#1470,#1471,#1472,
#1473,#1474,#1475,#1476,#1477,#1478),.UNSPECIFIED.,.F.,.F.)
B_SPLINE_CURVE_WITH_KNOTS((6,1,1,1,1,1,1,1,1,1,6),(-1.,-0.9,-0.8,-0.7,-0.6,
-0.5,-0.4,-0.3,-0.2,-0.1,0.),.UNSPECIFIED.)
CURVE()
GEOMETRIC_REPRESENTATION_ITEM()
RATIONAL_B_SPLINE_CURVE((1.,1.,1.,1.,1.,1.,1.,1.,1.,1.,1.,1.,1.,1.,1.))
REPRESENTATION_ITEM('')
);
#74=(
BOUNDED_CURVE()
B_SPLINE_CURVE(5,(#1482,#1483,#1484,#1485,#1486,#1487,#1488,#1489,#1490,
#1491,#1492,#1493,#1494,#1495,#1496),.UNSPECIFIED.,.F.,.F.)
B_SPLINE_CURVE_WITH_KNOTS((6,1,1,1,1,1,1,1,1,1,6),(-1.,-0.9,-0.8,-0.7,-0.6,
-0.5,-0.4,-0.3,-0.2,-0.1,0.),.UNSPECIFIED.)
CURVE()
GEOMETRIC_REPRESENTATION_ITEM()
RATIONAL_B_SPLINE_CURVE((1.,1.,1.,1.,1.,1.,1.,1.,1.,1.,1.,1.,1.,1.,1.))
REPRESENTATION_ITEM('')
);
#75=(
BOUNDED_CURVE()
B_SPLINE_CURVE(5,(#1520,#1521,#1522,#1523,#1524,#1525,#1526,#1527,#1528,
#1529,#1530,#1531,#1532,#1533,#1534),.UNSPECIFIED.,.F.,.F.)
B_SPLINE_CURVE_WITH_KNOTS((6,1,1,1,1,1,1,1,1,1,6),(-1.,-0.9,-0.8,-0.7,-0.6,
-0.5,-0.4,-0.3,-0.2,-0.1,0.),.UNSPECIFIED.)
CURVE()
GEOMETRIC_REPRESENTATION_ITEM()
RATIONAL_B_SPLINE_CURVE((1.,1.,1.,1.,1.,1.,1.,1.,1.,1.,1.,1.,1.,1.,1.))
REPRESENTATION_ITEM('')
);
#76=(
BOUNDED_CURVE()
B_SPLINE_CURVE(5,(#1538,#1539,#1540,#1541,#1542,#1543,#1544,#1545,#1546,
#1547,#1548,#1549,#1550,#1551,#1552),.UNSPECIFIED.,.F.,.F.)
B_SPLINE_CURVE_WITH_KNOTS((6,1,1,1,1,1,1,1,1,1,6),(-1.,-0.9,-0.8,-0.7,-0.6,
-0.5,-0.4,-0.3,-0.2,-0.1,0.),.UNSPECIFIED.)
CURVE()
GEOMETRIC_REPRESENTATION_ITEM()
RATIONAL_B_SPLINE_CURVE((1.,1.,1.,1.,1.,1.,1.,1.,1.,1.,1.,1.,1.,1.,1.))
REPRESENTATION_ITEM('')
);
#77=(
BOUNDED_CURVE()
B_SPLINE_CURVE(5,(#1556,#1557,#1558,#1559,#1560,#1561,#1562,#1563,#1564,
#1565,#1566,#1567,#1568,#1569,#1570),.UNSPECIFIED.,.F.,.F.)
B_SPLINE_CURVE_WITH_KNOTS((6,1,1,1,1,1,1,1,1,1,6),(-1.,-0.9,-0.8,-0.7,-0.6,
-0.5,-0.4,-0.3,-0.2,-0.1,0.),.UNSPECIFIED.)
CURVE()
GEOMETRIC_REPRESENTATION_ITEM()
RATIONAL_B_SPLINE_CURVE((1.,1.,1.,1.,1.,1.,1.,1.,1.,1.,1.,1.,1.,1.,1.))
REPRESENTATION_ITEM('')
);
#78=(
BOUNDED_CURVE()
B_SPLINE_CURVE(5,(#1581,#1582,#1583,#1584,#1585,#1586,#1587,#1588,#1589,
#1590,#1591,#1592,#1593,#1594,#1595),.UNSPECIFIED.,.F.,.F.)
B_SPLINE_CURVE_WITH_KNOTS((6,1,1,1,1,1,1,1,1,1,6),(-1.,-0.9,-0.8,-0.7,-0.6,
-0.5,-0.4,-0.3,-0.2,-0.1,0.),.UNSPECIFIED.)
CURVE()
GEOMETRIC_REPRESENTATION_ITEM()
RATIONAL_B_SPLINE_CURVE((1.,1.,1.,1.,1.,1.,1.,1.,1.,1.,1.,1.,1.,1.,1.))
REPRESENTATION_ITEM('')
);
#79=(
BOUNDED_CURVE()
B_SPLINE_CURVE(5,(#1685,#1686,#1687,#1688,#1689,#1690,#1691,#1692,#1693,
#1694,#1695,#1696,#1697,#1698,#1699),.UNSPECIFIED.,.F.,.F.)
B_SPLINE_CURVE_WITH_KNOTS((6,1,1,1,1,1,1,1,1,1,6),(0.,0.1,0.2,0.3,0.4,0.5,
0.6,0.7,0.8,0.9,1.),.UNSPECIFIED.)
CURVE()
GEOMETRIC_REPRESENTATION_ITEM()
RATIONAL_B_SPLINE_CURVE((1.,1.,1.,1.,1.,1.,1.,1.,1.,1.,1.,1.,1.,1.,1.))
REPRESENTATION_ITEM('')
);
#80=(
BOUNDED_CURVE()
B_SPLINE_CURVE(5,(#1736,#1737,#1738,#1739,#1740,#1741,#1742,#1743,#1744,
#1745,#1746,#1747,#1748,#1749,#1750),.UNSPECIFIED.,.F.,.F.)
B_SPLINE_CURVE_WITH_KNOTS((6,1,1,1,1,1,1,1,1,1,6),(0.,0.1,0.2,0.3,0.4,0.5,
0.6,0.7,0.8,0.9,1.),.UNSPECIFIED.)
CURVE()
GEOMETRIC_REPRESENTATION_ITEM()
RATIONAL_B_SPLINE_CURVE((1.,1.,1.,1.,1.,1.,1.,1.,1.,1.,1.,1.,1.,1.,1.))
REPRESENTATION_ITEM('')
);
#81=(
BOUNDED_CURVE()
B_SPLINE_CURVE(5,(#1787,#1788,#1789,#1790,#1791,#1792,#1793,#1794,#1795,
#1796,#1797,#1798,#1799,#1800,#1801),.UNSPECIFIED.,.F.,.F.)
B_SPLINE_CURVE_WITH_KNOTS((6,1,1,1,1,1,1,1,1,1,6),(0.,0.1,0.2,0.3,0.4,0.5,
0.6,0.7,0.8,0.9,1.),.UNSPECIFIED.)
CURVE()
GEOMETRIC_REPRESENTATION_ITEM()
RATIONAL_B_SPLINE_CURVE((1.,1.,1.,1.,1.,1.,1.,1.,1.,1.,1.,1.,1.,1.,1.))
REPRESENTATION_ITEM('')
);
#82=(
BOUNDED_CURVE()
B_SPLINE_CURVE(5,(#1854,#1855,#1856,#1857,#1858,#1859,#1860,#1861,#1862,
#1863,#1864,#1865,#1866,#1867,#1868),.UNSPECIFIED.,.F.,.F.)
B_SPLINE_CURVE_WITH_KNOTS((6,1,1,1,1,1,1,1,1,1,6),(0.,0.1,0.2,0.3,0.4,0.5,
0.6,0.7,0.8,0.9,1.),.UNSPECIFIED.)
CURVE()
GEOMETRIC_REPRESENTATION_ITEM()
RATIONAL_B_SPLINE_CURVE((1.,1.,1.,1.,1.,1.,1.,1.,1.,1.,1.,1.,1.,1.,1.))
REPRESENTATION_ITEM('')
);
#83=(
BOUNDED_CURVE()
B_SPLINE_CURVE(5,(#1903,#1904,#1905,#1906,#1907,#1908,#1909,#1910,#1911,
#1912,#1913,#1914,#1915,#1916,#1917),.UNSPECIFIED.,.F.,.F.)
B_SPLINE_CURVE_WITH_KNOTS((6,1,1,1,1,1,1,1,1,1,6),(0.,0.1,0.2,0.3,0.4,0.5,
0.6,0.7,0.8,0.9,1.),.UNSPECIFIED.)
CURVE()
GEOMETRIC_REPRESENTATION_ITEM()
RATIONAL_B_SPLINE_CURVE((1.,1.,1.,1.,1.,1.,1.,1.,1.,1.,1.,1.,1.,1.,1.))
REPRESENTATION_ITEM('')
);
#84=(
BOUNDED_CURVE()
B_SPLINE_CURVE(5,(#1970,#1971,#1972,#1973,#1974,#1975,#1976,#1977,#1978,
#1979,#1980,#1981,#1982,#1983,#1984),.UNSPECIFIED.,.F.,.F.)
B_SPLINE_CURVE_WITH_KNOTS((6,1,1,1,1,1,1,1,1,1,6),(0.,0.1,0.2,0.3,0.4,0.5,
0.6,0.7,0.8,0.9,1.),.UNSPECIFIED.)
CURVE()
GEOMETRIC_REPRESENTATION_ITEM()
RATIONAL_B_SPLINE_CURVE((1.,1.,1.,1.,1.,1.,1.,1.,1.,1.,1.,1.,1.,1.,1.))
REPRESENTATION_ITEM('')
);
#85=(
BOUNDED_CURVE()
B_SPLINE_CURVE(5,(#2021,#2022,#2023,#2024,#2025,#2026,#2027,#2028,#2029,
#2030,#2031,#2032,#2033,#2034,#2035),.UNSPECIFIED.,.F.,.F.)
B_SPLINE_CURVE_WITH_KNOTS((6,1,1,1,1,1,1,1,1,1,6),(0.,0.1,0.2,0.3,0.4,0.5,
0.6,0.7,0.8,0.9,1.),.UNSPECIFIED.)
CURVE()
GEOMETRIC_REPRESENTATION_ITEM()
RATIONAL_B_SPLINE_CURVE((1.,1.,1.,1.,1.,1.,1.,1.,1.,1.,1.,1.,1.,1.,1.))
REPRESENTATION_ITEM('')
);
#86=(
BOUNDED_CURVE()
B_SPLINE_CURVE(5,(#2072,#2073,#2074,#2075,#2076,#2077,#2078,#2079,#2080,
#2081,#2082,#2083,#2084,#2085,#2086),.UNSPECIFIED.,.F.,.F.)
B_SPLINE_CURVE_WITH_KNOTS((6,1,1,1,1,1,1,1,1,1,6),(0.,0.1,0.2,0.3,0.4,0.5,
0.6,0.7,0.8,0.9,1.),.UNSPECIFIED.)
CURVE()
GEOMETRIC_REPRESENTATION_ITEM()
RATIONAL_B_SPLINE_CURVE((1.,1.,1.,1.,1.,1.,1.,1.,1.,1.,1.,1.,1.,1.,1.))
REPRESENTATION_ITEM('')
);
#87=FACE_OUTER_BOUND('',#139,.T.);
#88=FACE_OUTER_BOUND('',#140,.T.);
#89=FACE_OUTER_BOUND('',#141,.T.);
#90=FACE_OUTER_BOUND('',#142,.T.);
#91=FACE_OUTER_BOUND('',#143,.T.);
#92=FACE_OUTER_BOUND('',#144,.T.);
#93=FACE_OUTER_BOUND('',#145,.T.);
#94=FACE_OUTER_BOUND('',#146,.T.);
#95=FACE_OUTER_BOUND('',#147,.T.);
#96=FACE_OUTER_BOUND('',#149,.T.);
#97=FACE_OUTER_BOUND('',#150,.T.);
#98=FACE_OUTER_BOUND('',#151,.T.);
#99=FACE_OUTER_BOUND('',#152,.T.);
#100=FACE_OUTER_BOUND('',#153,.T.);
#101=FACE_OUTER_BOUND('',#154,.T.);
#102=FACE_OUTER_BOUND('',#155,.T.);
#103=FACE_OUTER_BOUND('',#156,.T.);
#104=FACE_OUTER_BOUND('',#157,.T.);
#105=FACE_OUTER_BOUND('',#158,.T.);
#106=FACE_OUTER_BOUND('',#159,.T.);
#107=FACE_OUTER_BOUND('',#160,.T.);
#108=FACE_OUTER_BOUND('',#161,.T.);
#109=FACE_OUTER_BOUND('',#162,.T.);
#110=FACE_OUTER_BOUND('',#163,.T.);
#111=FACE_OUTER_BOUND('',#164,.T.);
#112=FACE_OUTER_BOUND('',#165,.T.);
#113=FACE_OUTER_BOUND('',#166,.T.);
#114=FACE_OUTER_BOUND('',#167,.T.);
#115=FACE_OUTER_BOUND('',#168,.T.);
#116=FACE_OUTER_BOUND('',#169,.T.);
#117=FACE_OUTER_BOUND('',#170,.T.);
#118=FACE_OUTER_BOUND('',#171,.T.);
#119=FACE_OUTER_BOUND('',#172,.T.);
#120=FACE_OUTER_BOUND('',#173,.T.);
#121=FACE_OUTER_BOUND('',#174,.T.);
#122=FACE_OUTER_BOUND('',#175,.T.);
#123=FACE_OUTER_BOUND('',#176,.T.);
#124=FACE_OUTER_BOUND('',#177,.T.);
#125=FACE_OUTER_BOUND('',#178,.T.);
#126=FACE_OUTER_BOUND('',#179,.T.);
#127=FACE_OUTER_BOUND('',#180,.T.);
#128=FACE_OUTER_BOUND('',#181,.T.);
#129=FACE_OUTER_BOUND('',#182,.T.);
#130=FACE_OUTER_BOUND('',#183,.T.);
#131=FACE_OUTER_BOUND('',#184,.T.);
#132=FACE_OUTER_BOUND('',#185,.T.);
#133=FACE_OUTER_BOUND('',#186,.T.);
#134=FACE_OUTER_BOUND('',#187,.T.);
#135=FACE_OUTER_BOUND('',#188,.T.);
#136=FACE_OUTER_BOUND('',#189,.T.);
#137=FACE_OUTER_BOUND('',#190,.T.);
#138=FACE_OUTER_BOUND('',#191,.T.);
#139=EDGE_LOOP('',(#647,#648,#649,#650));
#140=EDGE_LOOP('',(#651,#652,#653,#654));
#141=EDGE_LOOP('',(#655,#656,#657,#658,#659,#660));
#142=EDGE_LOOP('',(#661,#662,#663,#664));
#143=EDGE_LOOP('',(#665,#666,#667,#668));
#144=EDGE_LOOP('',(#669,#670,#671,#672));
#145=EDGE_LOOP('',(#673,#674,#675,#676,#677));
#146=EDGE_LOOP('',(#678,#679,#680,#681));
#147=EDGE_LOOP('',(#682,#683,#684,#685,#686,#687,#688,#689,#690,#691,#692,
#693,#694,#695,#696,#697,#698,#699,#700,#701,#702,#703,#704,#705,#706,#707,
#708,#709,#710,#711,#712,#713,#714,#715,#716,#717,#718,#719,#720,#721));
#148=EDGE_LOOP('',(#722,#723,#724,#725,#726,#727,#728,#729));
#149=EDGE_LOOP('',(#730,#731,#732,#733));
#150=EDGE_LOOP('',(#734,#735,#736,#737));
#151=EDGE_LOOP('',(#738,#739,#740,#741));
#152=EDGE_LOOP('',(#742,#743,#744,#745));
#153=EDGE_LOOP('',(#746,#747,#748,#749));
#154=EDGE_LOOP('',(#750,#751,#752,#753));
#155=EDGE_LOOP('',(#754,#755,#756,#757));
#156=EDGE_LOOP('',(#758,#759,#760,#761));
#157=EDGE_LOOP('',(#762,#763,#764,#765));
#158=EDGE_LOOP('',(#766,#767,#768,#769));
#159=EDGE_LOOP('',(#770,#771,#772,#773));
#160=EDGE_LOOP('',(#774,#775,#776,#777));
#161=EDGE_LOOP('',(#778,#779,#780,#781));
#162=EDGE_LOOP('',(#782,#783,#784,#785));
#163=EDGE_LOOP('',(#786,#787,#788,#789));
#164=EDGE_LOOP('',(#790,#791,#792,#793));
#165=EDGE_LOOP('',(#794,#795,#796,#797));
#166=EDGE_LOOP('',(#798,#799,#800,#801));
#167=EDGE_LOOP('',(#802,#803,#804,#805));
#168=EDGE_LOOP('',(#806,#807,#808,#809));
#169=EDGE_LOOP('',(#810,#811,#812,#813));
#170=EDGE_LOOP('',(#814,#815,#816,#817,#818));
#171=EDGE_LOOP('',(#819,#820,#821,#822));
#172=EDGE_LOOP('',(#823,#824,#825,#826));
#173=EDGE_LOOP('',(#827,#828,#829,#830));
#174=EDGE_LOOP('',(#831,#832,#833,#834));
#175=EDGE_LOOP('',(#835,#836,#837,#838));
#176=EDGE_LOOP('',(#839,#840,#841,#842));
#177=EDGE_LOOP('',(#843,#844,#845,#846));
#178=EDGE_LOOP('',(#847,#848,#849,#850));
#179=EDGE_LOOP('',(#851,#852,#853,#854));
#180=EDGE_LOOP('',(#855,#856,#857,#858));
#181=EDGE_LOOP('',(#859,#860,#861,#862));
#182=EDGE_LOOP('',(#863,#864,#865,#866));
#183=EDGE_LOOP('',(#867,#868,#869,#870));
#184=EDGE_LOOP('',(#871,#872,#873,#874));
#185=EDGE_LOOP('',(#875,#876,#877,#878));
#186=EDGE_LOOP('',(#879,#880,#881,#882));
#187=EDGE_LOOP('',(#883,#884,#885,#886));
#188=EDGE_LOOP('',(#887,#888,#889,#890));
#189=EDGE_LOOP('',(#891,#892,#893,#894));
#190=EDGE_LOOP('',(#895,#896,#897,#898));
#191=EDGE_LOOP('',(#899,#900,#901,#902,#903,#904,#905,#906,#907,#908,#909,
#910,#911,#912,#913,#914,#915,#916,#917,#918,#919,#920,#921,#922,#923,#924,
#925,#926,#927,#928,#929,#930,#931,#932,#933,#934));
#192=EDGE_LOOP('',(#935,#936,#937,#938,#939,#940,#941,#942));
#193=LINE('',#1372,#297);
#194=LINE('',#1374,#298);
#195=LINE('',#1376,#299);
#196=LINE('',#1377,#300);
#197=LINE('',#1380,#301);
#198=LINE('',#1382,#302);
#199=LINE('',#1383,#303);
#200=LINE('',#1386,#304);
#201=LINE('',#1388,#305);
#202=LINE('',#1390,#306);
#203=LINE('',#1391,#307);
#204=LINE('',#1394,#308);
#205=LINE('',#1395,#309);
#206=LINE('',#1398,#310);
#207=LINE('',#1400,#311);
#208=LINE('',#1401,#312);
#209=LINE('',#1403,#313);
#210=LINE('',#1406,#314);
#211=LINE('',#1408,#315);
#212=LINE('',#1410,#316);
#213=LINE('',#1411,#317);
#214=LINE('',#1414,#318);
#215=LINE('',#1415,#319);
#216=LINE('',#1418,#320);
#217=LINE('',#1436,#321);
#218=LINE('',#1440,#322);
#219=LINE('',#1444,#323);
#220=LINE('',#1462,#324);
#221=LINE('',#1480,#325);
#222=LINE('',#1498,#326);
#223=LINE('',#1502,#327);
#224=LINE('',#1508,#328);
#225=LINE('',#1514,#329);
#226=LINE('',#1518,#330);
#227=LINE('',#1536,#331);
#228=LINE('',#1554,#332);
#229=LINE('',#1572,#333);
#230=LINE('',#1576,#334);
#231=LINE('',#1580,#335);
#232=LINE('',#1600,#336);
#233=LINE('',#1604,#337);
#234=LINE('',#1608,#338);
#235=LINE('',#1611,#339);
#236=LINE('',#1615,#340);
#237=LINE('',#1616,#341);
#238=LINE('',#1617,#342);
#239=LINE('',#1621,#343);
#240=LINE('',#1624,#344);
#241=LINE('',#1625,#345);
#242=LINE('',#1629,#346);
#243=LINE('',#1632,#347);
#244=LINE('',#1633,#348);
#245=LINE('',#1637,#349);
#246=LINE('',#1640,#350);
#247=LINE('',#1641,#351);
#248=LINE('',#1648,#352);
#249=LINE('',#1649,#353);
#250=LINE('',#1652,#354);
#251=LINE('',#1653,#355);
#252=LINE('',#1700,#356);
#253=LINE('',#1703,#357);
#254=LINE('',#1704,#358);
#255=LINE('',#1751,#359);
#256=LINE('',#1754,#360);
#257=LINE('',#1755,#361);
#258=LINE('',#1802,#362);
#259=LINE('',#1805,#363);
#260=LINE('',#1806,#364);
#261=LINE('',#1810,#365);
#262=LINE('',#1813,#366);
#263=LINE('',#1814,#367);
#264=LINE('',#1818,#368);
#265=LINE('',#1821,#369);
#266=LINE('',#1822,#370);
#267=LINE('',#1869,#371);
#268=LINE('',#1871,#372);
#269=LINE('',#1918,#373);
#270=LINE('',#1921,#374);
#271=LINE('',#1922,#375);
#272=LINE('',#1926,#376);
#273=LINE('',#1929,#377);
#274=LINE('',#1930,#378);
#275=LINE('',#1934,#379);
#276=LINE('',#1937,#380);
#277=LINE('',#1938,#381);
#278=LINE('',#1985,#382);
#279=LINE('',#1988,#383);
#280=LINE('',#1989,#384);
#281=LINE('',#2036,#385);
#282=LINE('',#2039,#386);
#283=LINE('',#2040,#387);
#284=LINE('',#2087,#388);
#285=LINE('',#2090,#389);
#286=LINE('',#2091,#390);
#287=LINE('',#2095,#391);
#288=LINE('',#2098,#392);
#289=LINE('',#2099,#393);
#290=LINE('',#2103,#394);
#291=LINE('',#2107,#395);
#292=LINE('',#2110,#396);
#293=LINE('',#2111,#397);
#294=LINE('',#2115,#398);
#295=LINE('',#2119,#399);
#296=LINE('',#2121,#400);
#297=VECTOR('',#1119,10.);
#298=VECTOR('',#1120,10.);
#299=VECTOR('',#1121,10.);
#300=VECTOR('',#1122,10.);
#301=VECTOR('',#1125,10.);
#302=VECTOR('',#1126,10.);
#303=VECTOR('',#1127,10.);
#304=VECTOR('',#1130,10.);
#305=VECTOR('',#1131,10.);
#306=VECTOR('',#1132,10.);
#307=VECTOR('',#1133,10.);
#308=VECTOR('',#1136,10.);
#309=VECTOR('',#1137,10.);
#310=VECTOR('',#1140,10.);
#311=VECTOR('',#1141,10.);
#312=VECTOR('',#1142,10.);
#313=VECTOR('',#1145,10.);
#314=VECTOR('',#1148,10.);
#315=VECTOR('',#1149,10.);
#316=VECTOR('',#1150,10.);
#317=VECTOR('',#1151,10.);
#318=VECTOR('',#1154,10.);
#319=VECTOR('',#1155,10.);
#320=VECTOR('',#1158,10.);
#321=VECTOR('',#1159,10.);
#322=VECTOR('',#1162,10.);
#323=VECTOR('',#1165,10.);
#324=VECTOR('',#1166,10.);
#325=VECTOR('',#1167,10.);
#326=VECTOR('',#1168,10.);
#327=VECTOR('',#1171,10.);
#328=VECTOR('',#1176,10.);
#329=VECTOR('',#1181,10.);
#330=VECTOR('',#1184,10.);
#331=VECTOR('',#1185,10.);
#332=VECTOR('',#1186,10.);
#333=VECTOR('',#1187,10.);
#334=VECTOR('',#1190,10.);
#335=VECTOR('',#1193,10.);
#336=VECTOR('',#1196,10.);
#337=VECTOR('',#1199,10.);
#338=VECTOR('',#1202,10.);
#339=VECTOR('',#1205,10.);
#340=VECTOR('',#1208,10.);
#341=VECTOR('',#1209,10.);
#342=VECTOR('',#1210,10.);
#343=VECTOR('',#1215,10.);
#344=VECTOR('',#1218,10.);
#345=VECTOR('',#1219,10.);
#346=VECTOR('',#1224,10.);
#347=VECTOR('',#1227,10.);
#348=VECTOR('',#1228,10.);
#349=VECTOR('',#1233,10.);
#350=VECTOR('',#1236,10.);
#351=VECTOR('',#1237,10.);
#352=VECTOR('',#1246,10.);
#353=VECTOR('',#1247,10.);
#354=VECTOR('',#1250,10.);
#355=VECTOR('',#1251,10.);
#356=VECTOR('',#1252,10.);
#357=VECTOR('',#1255,10.);
#358=VECTOR('',#1256,10.);
#359=VECTOR('',#1257,10.);
#360=VECTOR('',#1260,10.);
#361=VECTOR('',#1261,10.);
#362=VECTOR('',#1262,10.);
#363=VECTOR('',#1265,10.);
#364=VECTOR('',#1266,10.);
#365=VECTOR('',#1271,10.);
#366=VECTOR('',#1274,10.);
#367=VECTOR('',#1275,10.);
#368=VECTOR('',#1280,10.);
#369=VECTOR('',#1283,10.);
#370=VECTOR('',#1284,10.);
#371=VECTOR('',#1285,10.);
#372=VECTOR('',#1288,10.);
#373=VECTOR('',#1289,10.);
#374=VECTOR('',#1292,10.);
#375=VECTOR('',#1293,10.);
#376=VECTOR('',#1298,10.);
#377=VECTOR('',#1301,10.);
#378=VECTOR('',#1302,10.);
#379=VECTOR('',#1307,10.);
#380=VECTOR('',#1310,10.);
#381=VECTOR('',#1311,10.);
#382=VECTOR('',#1312,10.);
#383=VECTOR('',#1315,10.);
#384=VECTOR('',#1316,10.);
#385=VECTOR('',#1317,10.);
#386=VECTOR('',#1320,10.);
#387=VECTOR('',#1321,10.);
#388=VECTOR('',#1322,10.);
#389=VECTOR('',#1325,10.);
#390=VECTOR('',#1326,10.);
#391=VECTOR('',#1331,10.);
#392=VECTOR('',#1334,10.);
#393=VECTOR('',#1335,10.);
#394=VECTOR('',#1340,10.);
#395=VECTOR('',#1345,10.);
#396=VECTOR('',#1348,10.);
#397=VECTOR('',#1349,10.);
#398=VECTOR('',#1354,10.);
#399=VECTOR('',#1359,10.);
#400=VECTOR('',#1362,10.);
#401=VERTEX_POINT('',#1370);
#402=VERTEX_POINT('',#1371);
#403=VERTEX_POINT('',#1373);
#404=VERTEX_POINT('',#1375);
#405=VERTEX_POINT('',#1379);
#406=VERTEX_POINT('',#1381);
#407=VERTEX_POINT('',#1385);
#408=VERTEX_POINT('',#1387);
#409=VERTEX_POINT('',#1389);
#410=VERTEX_POINT('',#1393);
#411=VERTEX_POINT('',#1397);
#412=VERTEX_POINT('',#1399);
#413=VERTEX_POINT('',#1405);
#414=VERTEX_POINT('',#1407);
#415=VERTEX_POINT('',#1409);
#416=VERTEX_POINT('',#1413);
#417=VERTEX_POINT('',#1417);
#418=VERTEX_POINT('',#1419);
#419=VERTEX_POINT('',#1435);
#420=VERTEX_POINT('',#1437);
#421=VERTEX_POINT('',#1439);
#422=VERTEX_POINT('',#1441);
#423=VERTEX_POINT('',#1443);
#424=VERTEX_POINT('',#1445);
#425=VERTEX_POINT('',#1461);
#426=VERTEX_POINT('',#1463);
#427=VERTEX_POINT('',#1479);
#428=VERTEX_POINT('',#1481);
#429=VERTEX_POINT('',#1497);
#430=VERTEX_POINT('',#1499);
#431=VERTEX_POINT('',#1501);
#432=VERTEX_POINT('',#1503);
#433=VERTEX_POINT('',#1505);
#434=VERTEX_POINT('',#1507);
#435=VERTEX_POINT('',#1509);
#436=VERTEX_POINT('',#1511);
#437=VERTEX_POINT('',#1513);
#438=VERTEX_POINT('',#1515);
#439=VERTEX_POINT('',#1517);
#440=VERTEX_POINT('',#1519);
#441=VERTEX_POINT('',#1535);
#442=VERTEX_POINT('',#1537);
#443=VERTEX_POINT('',#1553);
#444=VERTEX_POINT('',#1555);
#445=VERTEX_POINT('',#1571);
#446=VERTEX_POINT('',#1573);
#447=VERTEX_POINT('',#1575);
#448=VERTEX_POINT('',#1577);
#449=VERTEX_POINT('',#1579);
#450=VERTEX_POINT('',#1596);
#451=VERTEX_POINT('',#1597);
#452=VERTEX_POINT('',#1599);
#453=VERTEX_POINT('',#1601);
#454=VERTEX_POINT('',#1603);
#455=VERTEX_POINT('',#1605);
#456=VERTEX_POINT('',#1607);
#457=VERTEX_POINT('',#1609);
#458=VERTEX_POINT('',#1613);
#459=VERTEX_POINT('',#1614);
#460=VERTEX_POINT('',#1619);
#461=VERTEX_POINT('',#1623);
#462=VERTEX_POINT('',#1627);
#463=VERTEX_POINT('',#1631);
#464=VERTEX_POINT('',#1635);
#465=VERTEX_POINT('',#1639);
#466=VERTEX_POINT('',#1645);
#467=VERTEX_POINT('',#1646);
#468=VERTEX_POINT('',#1651);
#469=VERTEX_POINT('',#1684);
#470=VERTEX_POINT('',#1702);
#471=VERTEX_POINT('',#1735);
#472=VERTEX_POINT('',#1753);
#473=VERTEX_POINT('',#1786);
#474=VERTEX_POINT('',#1804);
#475=VERTEX_POINT('',#1808);
#476=VERTEX_POINT('',#1812);
#477=VERTEX_POINT('',#1816);
#478=VERTEX_POINT('',#1820);
#479=VERTEX_POINT('',#1853);
#480=VERTEX_POINT('',#1902);
#481=VERTEX_POINT('',#1920);
#482=VERTEX_POINT('',#1924);
#483=VERTEX_POINT('',#1928);
#484=VERTEX_POINT('',#1932);
#485=VERTEX_POINT('',#1936);
#486=VERTEX_POINT('',#1969);
#487=VERTEX_POINT('',#1987);
#488=VERTEX_POINT('',#2020);
#489=VERTEX_POINT('',#2038);
#490=VERTEX_POINT('',#2071);
#491=VERTEX_POINT('',#2089);
#492=VERTEX_POINT('',#2093);
#493=VERTEX_POINT('',#2097);
#494=VERTEX_POINT('',#2101);
#495=VERTEX_POINT('',#2105);
#496=VERTEX_POINT('',#2109);
#497=VERTEX_POINT('',#2113);
#498=VERTEX_POINT('',#2117);
#499=EDGE_CURVE('',#401,#402,#193,.T.);
#500=EDGE_CURVE('',#401,#403,#194,.T.);
#501=EDGE_CURVE('',#404,#403,#195,.T.);
#502=EDGE_CURVE('',#402,#404,#196,.T.);
#503=EDGE_CURVE('',#403,#405,#197,.T.);
#504=EDGE_CURVE('',#405,#406,#198,.T.);
#505=EDGE_CURVE('',#406,#404,#199,.T.);
#506=EDGE_CURVE('',#406,#407,#200,.T.);
#507=EDGE_CURVE('',#408,#407,#201,.T.);
#508=EDGE_CURVE('',#409,#408,#202,.T.);
#509=EDGE_CURVE('',#409,#402,#203,.T.);
#510=EDGE_CURVE('',#405,#410,#204,.T.);
#511=EDGE_CURVE('',#407,#410,#205,.T.);
#512=EDGE_CURVE('',#409,#411,#206,.T.);
#513=EDGE_CURVE('',#412,#408,#207,.T.);
#514=EDGE_CURVE('',#411,#412,#208,.T.);
#515=EDGE_CURVE('',#410,#412,#209,.T.);
#516=EDGE_CURVE('',#413,#411,#210,.T.);
#517=EDGE_CURVE('',#414,#413,#211,.T.);
#518=EDGE_CURVE('',#415,#414,#212,.T.);
#519=EDGE_CURVE('',#415,#409,#213,.T.);
#520=EDGE_CURVE('',#402,#416,#214,.T.);
#521=EDGE_CURVE('',#415,#416,#215,.T.);
#522=EDGE_CURVE('',#417,#401,#216,.T.);
#523=EDGE_CURVE('',#417,#418,#71,.T.);
#524=EDGE_CURVE('',#418,#419,#217,.T.);
#525=EDGE_CURVE('',#419,#420,#43,.T.);
#526=EDGE_CURVE('',#420,#421,#218,.T.);
#527=EDGE_CURVE('',#421,#422,#44,.T.);
#528=EDGE_CURVE('',#422,#423,#219,.T.);
#529=EDGE_CURVE('',#423,#424,#72,.T.);
#530=EDGE_CURVE('',#424,#425,#220,.T.);
#531=EDGE_CURVE('',#425,#426,#73,.T.);
#532=EDGE_CURVE('',#426,#427,#221,.T.);
#533=EDGE_CURVE('',#427,#428,#74,.T.);
#534=EDGE_CURVE('',#428,#429,#222,.T.);
#535=EDGE_CURVE('',#429,#430,#45,.T.);
#536=EDGE_CURVE('',#430,#431,#223,.T.);
#537=EDGE_CURVE('',#431,#432,#46,.T.);
#538=EDGE_CURVE('',#432,#433,#47,.T.);
#539=EDGE_CURVE('',#433,#434,#224,.T.);
#540=EDGE_CURVE('',#434,#435,#48,.T.);
#541=EDGE_CURVE('',#435,#436,#49,.T.);
#542=EDGE_CURVE('',#436,#437,#225,.T.);
#543=EDGE_CURVE('',#437,#438,#50,.T.);
#544=EDGE_CURVE('',#438,#439,#226,.T.);
#545=EDGE_CURVE('',#439,#440,#75,.T.);
#546=EDGE_CURVE('',#440,#441,#227,.T.);
#547=EDGE_CURVE('',#441,#442,#76,.T.);
#548=EDGE_CURVE('',#442,#443,#228,.T.);
#549=EDGE_CURVE('',#443,#444,#77,.T.);
#550=EDGE_CURVE('',#444,#445,#229,.T.);
#551=EDGE_CURVE('',#445,#446,#51,.T.);
#552=EDGE_CURVE('',#446,#447,#230,.T.);
#553=EDGE_CURVE('',#447,#448,#52,.T.);
#554=EDGE_CURVE('',#448,#449,#231,.T.);
#555=EDGE_CURVE('',#449,#413,#78,.T.);
#556=EDGE_CURVE('',#450,#451,#53,.T.);
#557=EDGE_CURVE('',#451,#452,#232,.T.);
#558=EDGE_CURVE('',#452,#453,#54,.T.);
#559=EDGE_CURVE('',#453,#454,#233,.T.);
#560=EDGE_CURVE('',#454,#455,#55,.T.);
#561=EDGE_CURVE('',#455,#456,#234,.T.);
#562=EDGE_CURVE('',#456,#457,#56,.T.);
#563=EDGE_CURVE('',#457,#450,#235,.T.);
#564=EDGE_CURVE('',#458,#459,#236,.T.);
#565=EDGE_CURVE('',#459,#450,#237,.T.);
#566=EDGE_CURVE('',#458,#457,#238,.T.);
#567=EDGE_CURVE('',#460,#458,#57,.T.);
#568=EDGE_CURVE('',#460,#456,#239,.T.);
#569=EDGE_CURVE('',#461,#460,#240,.T.);
#570=EDGE_CURVE('',#461,#455,#241,.T.);
#571=EDGE_CURVE('',#462,#461,#58,.T.);
#572=EDGE_CURVE('',#462,#454,#242,.T.);
#573=EDGE_CURVE('',#463,#462,#243,.T.);
#574=EDGE_CURVE('',#463,#453,#244,.T.);
#575=EDGE_CURVE('',#464,#463,#59,.T.);
#576=EDGE_CURVE('',#464,#452,#245,.T.);
#577=EDGE_CURVE('',#465,#464,#246,.T.);
#578=EDGE_CURVE('',#465,#451,#247,.T.);
#579=EDGE_CURVE('',#459,#465,#60,.T.);
#580=EDGE_CURVE('',#466,#467,#61,.T.);
#581=EDGE_CURVE('',#466,#430,#248,.T.);
#582=EDGE_CURVE('',#467,#429,#249,.T.);
#583=EDGE_CURVE('',#467,#468,#250,.T.);
#584=EDGE_CURVE('',#468,#428,#251,.T.);
#585=EDGE_CURVE('',#468,#469,#79,.T.);
#586=EDGE_CURVE('',#469,#427,#252,.T.);
#587=EDGE_CURVE('',#469,#470,#253,.T.);
#588=EDGE_CURVE('',#470,#426,#254,.T.);
#589=EDGE_CURVE('',#470,#471,#80,.T.);
#590=EDGE_CURVE('',#471,#425,#255,.T.);
#591=EDGE_CURVE('',#471,#472,#256,.T.);
#592=EDGE_CURVE('',#472,#424,#257,.T.);
#593=EDGE_CURVE('',#472,#473,#81,.T.);
#594=EDGE_CURVE('',#473,#423,#258,.T.);
#595=EDGE_CURVE('',#474,#473,#259,.T.);
#596=EDGE_CURVE('',#474,#422,#260,.T.);
#597=EDGE_CURVE('',#474,#475,#62,.T.);
#598=EDGE_CURVE('',#475,#421,#261,.T.);
#599=EDGE_CURVE('',#476,#475,#262,.T.);
#600=EDGE_CURVE('',#476,#420,#263,.T.);
#601=EDGE_CURVE('',#476,#477,#63,.T.);
#602=EDGE_CURVE('',#477,#419,#264,.T.);
#603=EDGE_CURVE('',#477,#478,#265,.T.);
#604=EDGE_CURVE('',#478,#418,#266,.T.);
#605=EDGE_CURVE('',#479,#478,#82,.T.);
#606=EDGE_CURVE('',#479,#417,#267,.T.);
#607=EDGE_CURVE('',#416,#479,#268,.T.);
#608=EDGE_CURVE('',#414,#480,#83,.T.);
#609=EDGE_CURVE('',#480,#449,#269,.T.);
#610=EDGE_CURVE('',#480,#481,#270,.T.);
#611=EDGE_CURVE('',#481,#448,#271,.T.);
#612=EDGE_CURVE('',#481,#482,#64,.T.);
#613=EDGE_CURVE('',#482,#447,#272,.T.);
#614=EDGE_CURVE('',#482,#483,#273,.T.);
#615=EDGE_CURVE('',#483,#446,#274,.T.);
#616=EDGE_CURVE('',#483,#484,#65,.T.);
#617=EDGE_CURVE('',#484,#445,#275,.T.);
#618=EDGE_CURVE('',#485,#484,#276,.T.);
#619=EDGE_CURVE('',#485,#444,#277,.T.);
#620=EDGE_CURVE('',#485,#486,#84,.T.);
#621=EDGE_CURVE('',#486,#443,#278,.T.);
#622=EDGE_CURVE('',#486,#487,#279,.T.);
#623=EDGE_CURVE('',#487,#442,#280,.T.);
#624=EDGE_CURVE('',#487,#488,#85,.T.);
#625=EDGE_CURVE('',#488,#441,#281,.T.);
#626=EDGE_CURVE('',#488,#489,#282,.T.);
#627=EDGE_CURVE('',#489,#440,#283,.T.);
#628=EDGE_CURVE('',#489,#490,#86,.T.);
#629=EDGE_CURVE('',#490,#439,#284,.T.);
#630=EDGE_CURVE('',#490,#491,#285,.T.);
#631=EDGE_CURVE('',#491,#438,#286,.T.);
#632=EDGE_CURVE('',#491,#492,#66,.T.);
#633=EDGE_CURVE('',#492,#437,#287,.T.);
#634=EDGE_CURVE('',#493,#492,#288,.T.);
#635=EDGE_CURVE('',#493,#436,#289,.T.);
#636=EDGE_CURVE('',#494,#493,#67,.T.);
#637=EDGE_CURVE('',#494,#435,#290,.T.);
#638=EDGE_CURVE('',#495,#494,#68,.T.);
#639=EDGE_CURVE('',#495,#434,#291,.T.);
#640=EDGE_CURVE('',#495,#496,#292,.T.);
#641=EDGE_CURVE('',#496,#433,#293,.T.);
#642=EDGE_CURVE('',#497,#496,#69,.T.);
#643=EDGE_CURVE('',#497,#432,#294,.T.);
#644=EDGE_CURVE('',#498,#497,#70,.T.);
#645=EDGE_CURVE('',#498,#431,#295,.T.);
#646=EDGE_CURVE('',#466,#498,#296,.T.);
#647=ORIENTED_EDGE('',*,*,#499,.F.);
#648=ORIENTED_EDGE('',*,*,#500,.T.);
#649=ORIENTED_EDGE('',*,*,#501,.F.);
#650=ORIENTED_EDGE('',*,*,#502,.F.);
#651=ORIENTED_EDGE('',*,*,#501,.T.);
#652=ORIENTED_EDGE('',*,*,#503,.T.);
#653=ORIENTED_EDGE('',*,*,#504,.T.);
#654=ORIENTED_EDGE('',*,*,#505,.T.);
#655=ORIENTED_EDGE('',*,*,#506,.T.);
#656=ORIENTED_EDGE('',*,*,#507,.F.);
#657=ORIENTED_EDGE('',*,*,#508,.F.);
#658=ORIENTED_EDGE('',*,*,#509,.T.);
#659=ORIENTED_EDGE('',*,*,#502,.T.);
#660=ORIENTED_EDGE('',*,*,#505,.F.);
#661=ORIENTED_EDGE('',*,*,#510,.T.);
#662=ORIENTED_EDGE('',*,*,#511,.F.);
#663=ORIENTED_EDGE('',*,*,#506,.F.);
#664=ORIENTED_EDGE('',*,*,#504,.F.);
#665=ORIENTED_EDGE('',*,*,#512,.F.);
#666=ORIENTED_EDGE('',*,*,#508,.T.);
#667=ORIENTED_EDGE('',*,*,#513,.F.);
#668=ORIENTED_EDGE('',*,*,#514,.F.);
#669=ORIENTED_EDGE('',*,*,#513,.T.);
#670=ORIENTED_EDGE('',*,*,#507,.T.);
#671=ORIENTED_EDGE('',*,*,#511,.T.);
#672=ORIENTED_EDGE('',*,*,#515,.T.);
#673=ORIENTED_EDGE('',*,*,#512,.T.);
#674=ORIENTED_EDGE('',*,*,#516,.F.);
#675=ORIENTED_EDGE('',*,*,#517,.F.);
#676=ORIENTED_EDGE('',*,*,#518,.F.);
#677=ORIENTED_EDGE('',*,*,#519,.T.);
#678=ORIENTED_EDGE('',*,*,#520,.F.);
#679=ORIENTED_EDGE('',*,*,#509,.F.);
#680=ORIENTED_EDGE('',*,*,#519,.F.);
#681=ORIENTED_EDGE('',*,*,#521,.T.);
#682=ORIENTED_EDGE('',*,*,#522,.F.);
#683=ORIENTED_EDGE('',*,*,#523,.T.);
#684=ORIENTED_EDGE('',*,*,#524,.T.);
#685=ORIENTED_EDGE('',*,*,#525,.T.);
#686=ORIENTED_EDGE('',*,*,#526,.T.);
#687=ORIENTED_EDGE('',*,*,#527,.T.);
#688=ORIENTED_EDGE('',*,*,#528,.T.);
#689=ORIENTED_EDGE('',*,*,#529,.T.);
#690=ORIENTED_EDGE('',*,*,#530,.T.);
#691=ORIENTED_EDGE('',*,*,#531,.T.);
#692=ORIENTED_EDGE('',*,*,#532,.T.);
#693=ORIENTED_EDGE('',*,*,#533,.T.);
#694=ORIENTED_EDGE('',*,*,#534,.T.);
#695=ORIENTED_EDGE('',*,*,#535,.T.);
#696=ORIENTED_EDGE('',*,*,#536,.T.);
#697=ORIENTED_EDGE('',*,*,#537,.T.);
#698=ORIENTED_EDGE('',*,*,#538,.T.);
#699=ORIENTED_EDGE('',*,*,#539,.T.);
#700=ORIENTED_EDGE('',*,*,#540,.T.);
#701=ORIENTED_EDGE('',*,*,#541,.T.);
#702=ORIENTED_EDGE('',*,*,#542,.T.);
#703=ORIENTED_EDGE('',*,*,#543,.T.);
#704=ORIENTED_EDGE('',*,*,#544,.T.);
#705=ORIENTED_EDGE('',*,*,#545,.T.);
#706=ORIENTED_EDGE('',*,*,#546,.T.);
#707=ORIENTED_EDGE('',*,*,#547,.T.);
#708=ORIENTED_EDGE('',*,*,#548,.T.);
#709=ORIENTED_EDGE('',*,*,#549,.T.);
#710=ORIENTED_EDGE('',*,*,#550,.T.);
#711=ORIENTED_EDGE('',*,*,#551,.T.);
#712=ORIENTED_EDGE('',*,*,#552,.T.);
#713=ORIENTED_EDGE('',*,*,#553,.T.);
#714=ORIENTED_EDGE('',*,*,#554,.T.);
#715=ORIENTED_EDGE('',*,*,#555,.T.);
#716=ORIENTED_EDGE('',*,*,#516,.T.);
#717=ORIENTED_EDGE('',*,*,#514,.T.);
#718=ORIENTED_EDGE('',*,*,#515,.F.);
#719=ORIENTED_EDGE('',*,*,#510,.F.);
#720=ORIENTED_EDGE('',*,*,#503,.F.);
#721=ORIENTED_EDGE('',*,*,#500,.F.);
#722=ORIENTED_EDGE('',*,*,#556,.T.);
#723=ORIENTED_EDGE('',*,*,#557,.T.);
#724=ORIENTED_EDGE('',*,*,#558,.T.);
#725=ORIENTED_EDGE('',*,*,#559,.T.);
#726=ORIENTED_EDGE('',*,*,#560,.T.);
#727=ORIENTED_EDGE('',*,*,#561,.T.);
#728=ORIENTED_EDGE('',*,*,#562,.T.);
#729=ORIENTED_EDGE('',*,*,#563,.T.);
#730=ORIENTED_EDGE('',*,*,#564,.T.);
#731=ORIENTED_EDGE('',*,*,#565,.T.);
#732=ORIENTED_EDGE('',*,*,#563,.F.);
#733=ORIENTED_EDGE('',*,*,#566,.F.);
#734=ORIENTED_EDGE('',*,*,#567,.T.);
#735=ORIENTED_EDGE('',*,*,#566,.T.);
#736=ORIENTED_EDGE('',*,*,#562,.F.);
#737=ORIENTED_EDGE('',*,*,#568,.F.);
#738=ORIENTED_EDGE('',*,*,#569,.T.);
#739=ORIENTED_EDGE('',*,*,#568,.T.);
#740=ORIENTED_EDGE('',*,*,#561,.F.);
#741=ORIENTED_EDGE('',*,*,#570,.F.);
#742=ORIENTED_EDGE('',*,*,#571,.T.);
#743=ORIENTED_EDGE('',*,*,#570,.T.);
#744=ORIENTED_EDGE('',*,*,#560,.F.);
#745=ORIENTED_EDGE('',*,*,#572,.F.);
#746=ORIENTED_EDGE('',*,*,#573,.T.);
#747=ORIENTED_EDGE('',*,*,#572,.T.);
#748=ORIENTED_EDGE('',*,*,#559,.F.);
#749=ORIENTED_EDGE('',*,*,#574,.F.);
#750=ORIENTED_EDGE('',*,*,#575,.T.);
#751=ORIENTED_EDGE('',*,*,#574,.T.);
#752=ORIENTED_EDGE('',*,*,#558,.F.);
#753=ORIENTED_EDGE('',*,*,#576,.F.);
#754=ORIENTED_EDGE('',*,*,#577,.T.);
#755=ORIENTED_EDGE('',*,*,#576,.T.);
#756=ORIENTED_EDGE('',*,*,#557,.F.);
#757=ORIENTED_EDGE('',*,*,#578,.F.);
#758=ORIENTED_EDGE('',*,*,#579,.T.);
#759=ORIENTED_EDGE('',*,*,#578,.T.);
#760=ORIENTED_EDGE('',*,*,#556,.F.);
#761=ORIENTED_EDGE('',*,*,#565,.F.);
#762=ORIENTED_EDGE('',*,*,#580,.F.);
#763=ORIENTED_EDGE('',*,*,#581,.T.);
#764=ORIENTED_EDGE('',*,*,#535,.F.);
#765=ORIENTED_EDGE('',*,*,#582,.F.);
#766=ORIENTED_EDGE('',*,*,#583,.F.);
#767=ORIENTED_EDGE('',*,*,#582,.T.);
#768=ORIENTED_EDGE('',*,*,#534,.F.);
#769=ORIENTED_EDGE('',*,*,#584,.F.);
#770=ORIENTED_EDGE('',*,*,#585,.F.);
#771=ORIENTED_EDGE('',*,*,#584,.T.);
#772=ORIENTED_EDGE('',*,*,#533,.F.);
#773=ORIENTED_EDGE('',*,*,#586,.F.);
#774=ORIENTED_EDGE('',*,*,#587,.F.);
#775=ORIENTED_EDGE('',*,*,#586,.T.);
#776=ORIENTED_EDGE('',*,*,#532,.F.);
#777=ORIENTED_EDGE('',*,*,#588,.F.);
#778=ORIENTED_EDGE('',*,*,#589,.F.);
#779=ORIENTED_EDGE('',*,*,#588,.T.);
#780=ORIENTED_EDGE('',*,*,#531,.F.);
#781=ORIENTED_EDGE('',*,*,#590,.F.);
#782=ORIENTED_EDGE('',*,*,#591,.F.);
#783=ORIENTED_EDGE('',*,*,#590,.T.);
#784=ORIENTED_EDGE('',*,*,#530,.F.);
#785=ORIENTED_EDGE('',*,*,#592,.F.);
#786=ORIENTED_EDGE('',*,*,#593,.F.);
#787=ORIENTED_EDGE('',*,*,#592,.T.);
#788=ORIENTED_EDGE('',*,*,#529,.F.);
#789=ORIENTED_EDGE('',*,*,#594,.F.);
#790=ORIENTED_EDGE('',*,*,#595,.T.);
#791=ORIENTED_EDGE('',*,*,#594,.T.);
#792=ORIENTED_EDGE('',*,*,#528,.F.);
#793=ORIENTED_EDGE('',*,*,#596,.F.);
#794=ORIENTED_EDGE('',*,*,#597,.F.);
#795=ORIENTED_EDGE('',*,*,#596,.T.);
#796=ORIENTED_EDGE('',*,*,#527,.F.);
#797=ORIENTED_EDGE('',*,*,#598,.F.);
#798=ORIENTED_EDGE('',*,*,#599,.T.);
#799=ORIENTED_EDGE('',*,*,#598,.T.);
#800=ORIENTED_EDGE('',*,*,#526,.F.);
#801=ORIENTED_EDGE('',*,*,#600,.F.);
#802=ORIENTED_EDGE('',*,*,#601,.F.);
#803=ORIENTED_EDGE('',*,*,#600,.T.);
#804=ORIENTED_EDGE('',*,*,#525,.F.);
#805=ORIENTED_EDGE('',*,*,#602,.F.);
#806=ORIENTED_EDGE('',*,*,#603,.F.);
#807=ORIENTED_EDGE('',*,*,#602,.T.);
#808=ORIENTED_EDGE('',*,*,#524,.F.);
#809=ORIENTED_EDGE('',*,*,#604,.F.);
#810=ORIENTED_EDGE('',*,*,#605,.T.);
#811=ORIENTED_EDGE('',*,*,#604,.T.);
#812=ORIENTED_EDGE('',*,*,#523,.F.);
#813=ORIENTED_EDGE('',*,*,#606,.F.);
#814=ORIENTED_EDGE('',*,*,#499,.T.);
#815=ORIENTED_EDGE('',*,*,#520,.T.);
#816=ORIENTED_EDGE('',*,*,#607,.T.);
#817=ORIENTED_EDGE('',*,*,#606,.T.);
#818=ORIENTED_EDGE('',*,*,#522,.T.);
#819=ORIENTED_EDGE('',*,*,#608,.F.);
#820=ORIENTED_EDGE('',*,*,#517,.T.);
#821=ORIENTED_EDGE('',*,*,#555,.F.);
#822=ORIENTED_EDGE('',*,*,#609,.F.);
#823=ORIENTED_EDGE('',*,*,#610,.F.);
#824=ORIENTED_EDGE('',*,*,#609,.T.);
#825=ORIENTED_EDGE('',*,*,#554,.F.);
#826=ORIENTED_EDGE('',*,*,#611,.F.);
#827=ORIENTED_EDGE('',*,*,#612,.F.);
#828=ORIENTED_EDGE('',*,*,#611,.T.);
#829=ORIENTED_EDGE('',*,*,#553,.F.);
#830=ORIENTED_EDGE('',*,*,#613,.F.);
#831=ORIENTED_EDGE('',*,*,#614,.F.);
#832=ORIENTED_EDGE('',*,*,#613,.T.);
#833=ORIENTED_EDGE('',*,*,#552,.F.);
#834=ORIENTED_EDGE('',*,*,#615,.F.);
#835=ORIENTED_EDGE('',*,*,#616,.F.);
#836=ORIENTED_EDGE('',*,*,#615,.T.);
#837=ORIENTED_EDGE('',*,*,#551,.F.);
#838=ORIENTED_EDGE('',*,*,#617,.F.);
#839=ORIENTED_EDGE('',*,*,#618,.T.);
#840=ORIENTED_EDGE('',*,*,#617,.T.);
#841=ORIENTED_EDGE('',*,*,#550,.F.);
#842=ORIENTED_EDGE('',*,*,#619,.F.);
#843=ORIENTED_EDGE('',*,*,#620,.F.);
#844=ORIENTED_EDGE('',*,*,#619,.T.);
#845=ORIENTED_EDGE('',*,*,#549,.F.);
#846=ORIENTED_EDGE('',*,*,#621,.F.);
#847=ORIENTED_EDGE('',*,*,#622,.F.);
#848=ORIENTED_EDGE('',*,*,#621,.T.);
#849=ORIENTED_EDGE('',*,*,#548,.F.);
#850=ORIENTED_EDGE('',*,*,#623,.F.);
#851=ORIENTED_EDGE('',*,*,#624,.F.);
#852=ORIENTED_EDGE('',*,*,#623,.T.);
#853=ORIENTED_EDGE('',*,*,#547,.F.);
#854=ORIENTED_EDGE('',*,*,#625,.F.);
#855=ORIENTED_EDGE('',*,*,#626,.F.);
#856=ORIENTED_EDGE('',*,*,#625,.T.);
#857=ORIENTED_EDGE('',*,*,#546,.F.);
#858=ORIENTED_EDGE('',*,*,#627,.F.);
#859=ORIENTED_EDGE('',*,*,#628,.F.);
#860=ORIENTED_EDGE('',*,*,#627,.T.);
#861=ORIENTED_EDGE('',*,*,#545,.F.);
#862=ORIENTED_EDGE('',*,*,#629,.F.);
#863=ORIENTED_EDGE('',*,*,#630,.F.);
#864=ORIENTED_EDGE('',*,*,#629,.T.);
#865=ORIENTED_EDGE('',*,*,#544,.F.);
#866=ORIENTED_EDGE('',*,*,#631,.F.);
#867=ORIENTED_EDGE('',*,*,#632,.F.);
#868=ORIENTED_EDGE('',*,*,#631,.T.);
#869=ORIENTED_EDGE('',*,*,#543,.F.);
#870=ORIENTED_EDGE('',*,*,#633,.F.);
#871=ORIENTED_EDGE('',*,*,#634,.T.);
#872=ORIENTED_EDGE('',*,*,#633,.T.);
#873=ORIENTED_EDGE('',*,*,#542,.F.);
#874=ORIENTED_EDGE('',*,*,#635,.F.);
#875=ORIENTED_EDGE('',*,*,#636,.T.);
#876=ORIENTED_EDGE('',*,*,#635,.T.);
#877=ORIENTED_EDGE('',*,*,#541,.F.);
#878=ORIENTED_EDGE('',*,*,#637,.F.);
#879=ORIENTED_EDGE('',*,*,#638,.T.);
#880=ORIENTED_EDGE('',*,*,#637,.T.);
#881=ORIENTED_EDGE('',*,*,#540,.F.);
#882=ORIENTED_EDGE('',*,*,#639,.F.);
#883=ORIENTED_EDGE('',*,*,#640,.F.);
#884=ORIENTED_EDGE('',*,*,#639,.T.);
#885=ORIENTED_EDGE('',*,*,#539,.F.);
#886=ORIENTED_EDGE('',*,*,#641,.F.);
#887=ORIENTED_EDGE('',*,*,#642,.T.);
#888=ORIENTED_EDGE('',*,*,#641,.T.);
#889=ORIENTED_EDGE('',*,*,#538,.F.);
#890=ORIENTED_EDGE('',*,*,#643,.F.);
#891=ORIENTED_EDGE('',*,*,#644,.T.);
#892=ORIENTED_EDGE('',*,*,#643,.T.);
#893=ORIENTED_EDGE('',*,*,#537,.F.);
#894=ORIENTED_EDGE('',*,*,#645,.F.);
#895=ORIENTED_EDGE('',*,*,#646,.T.);
#896=ORIENTED_EDGE('',*,*,#645,.T.);
#897=ORIENTED_EDGE('',*,*,#536,.F.);
#898=ORIENTED_EDGE('',*,*,#581,.F.);
#899=ORIENTED_EDGE('',*,*,#518,.T.);
#900=ORIENTED_EDGE('',*,*,#608,.T.);
#901=ORIENTED_EDGE('',*,*,#610,.T.);
#902=ORIENTED_EDGE('',*,*,#612,.T.);
#903=ORIENTED_EDGE('',*,*,#614,.T.);
#904=ORIENTED_EDGE('',*,*,#616,.T.);
#905=ORIENTED_EDGE('',*,*,#618,.F.);
#906=ORIENTED_EDGE('',*,*,#620,.T.);
#907=ORIENTED_EDGE('',*,*,#622,.T.);
#908=ORIENTED_EDGE('',*,*,#624,.T.);
#909=ORIENTED_EDGE('',*,*,#626,.T.);
#910=ORIENTED_EDGE('',*,*,#628,.T.);
#911=ORIENTED_EDGE('',*,*,#630,.T.);
#912=ORIENTED_EDGE('',*,*,#632,.T.);
#913=ORIENTED_EDGE('',*,*,#634,.F.);
#914=ORIENTED_EDGE('',*,*,#636,.F.);
#915=ORIENTED_EDGE('',*,*,#638,.F.);
#916=ORIENTED_EDGE('',*,*,#640,.T.);
#917=ORIENTED_EDGE('',*,*,#642,.F.);
#918=ORIENTED_EDGE('',*,*,#644,.F.);
#919=ORIENTED_EDGE('',*,*,#646,.F.);
#920=ORIENTED_EDGE('',*,*,#580,.T.);
#921=ORIENTED_EDGE('',*,*,#583,.T.);
#922=ORIENTED_EDGE('',*,*,#585,.T.);
#923=ORIENTED_EDGE('',*,*,#587,.T.);
#924=ORIENTED_EDGE('',*,*,#589,.T.);
#925=ORIENTED_EDGE('',*,*,#591,.T.);
#926=ORIENTED_EDGE('',*,*,#593,.T.);
#927=ORIENTED_EDGE('',*,*,#595,.F.);
#928=ORIENTED_EDGE('',*,*,#597,.T.);
#929=ORIENTED_EDGE('',*,*,#599,.F.);
#930=ORIENTED_EDGE('',*,*,#601,.T.);
#931=ORIENTED_EDGE('',*,*,#603,.T.);
#932=ORIENTED_EDGE('',*,*,#605,.F.);
#933=ORIENTED_EDGE('',*,*,#607,.F.);
#934=ORIENTED_EDGE('',*,*,#521,.F.);
#935=ORIENTED_EDGE('',*,*,#579,.F.);
#936=ORIENTED_EDGE('',*,*,#564,.F.);
#937=ORIENTED_EDGE('',*,*,#567,.F.);
#938=ORIENTED_EDGE('',*,*,#569,.F.);
#939=ORIENTED_EDGE('',*,*,#571,.F.);
#940=ORIENTED_EDGE('',*,*,#573,.F.);
#941=ORIENTED_EDGE('',*,*,#575,.F.);
#942=ORIENTED_EDGE('',*,*,#577,.F.);
#943=PLANE('',#1040);
#944=PLANE('',#1041);
#945=PLANE('',#1042);
#946=PLANE('',#1043);
#947=PLANE('',#1044);
#948=PLANE('',#1045);
#949=PLANE('',#1046);
#950=PLANE('',#1047);
#951=PLANE('',#1048);
#952=PLANE('',#1063);
#953=PLANE('',#1066);
#954=PLANE('',#1069);
#955=PLANE('',#1072);
#956=PLANE('',#1077);
#957=PLANE('',#1078);
#958=PLANE('',#1079);
#959=PLANE('',#1080);
#960=PLANE('',#1083);
#961=PLANE('',#1086);
#962=PLANE('',#1087);
#963=PLANE('',#1088);
#964=PLANE('',#1091);
#965=PLANE('',#1094);
#966=PLANE('',#1095);
#967=PLANE('',#1096);
#968=PLANE('',#1097);
#969=PLANE('',#1100);
#970=PLANE('',#1105);
#971=PLANE('',#1110);
#972=PLANE('',#1111);
#973=ADVANCED_FACE('',(#87),#943,.T.);
#974=ADVANCED_FACE('',(#88),#944,.T.);
#975=ADVANCED_FACE('',(#89),#945,.T.);
#976=ADVANCED_FACE('',(#90),#946,.T.);
#977=ADVANCED_FACE('',(#91),#947,.T.);
#978=ADVANCED_FACE('',(#92),#948,.T.);
#979=ADVANCED_FACE('',(#93),#949,.T.);
#980=ADVANCED_FACE('',(#94),#950,.T.);
#981=ADVANCED_FACE('',(#95,#41),#951,.T.);
#982=ADVANCED_FACE('',(#96),#952,.T.);
#983=ADVANCED_FACE('',(#97),#27,.F.);
#984=ADVANCED_FACE('',(#98),#953,.T.);
#985=ADVANCED_FACE('',(#99),#28,.F.);
#986=ADVANCED_FACE('',(#100),#954,.T.);
#987=ADVANCED_FACE('',(#101),#29,.F.);
#988=ADVANCED_FACE('',(#102),#955,.T.);
#989=ADVANCED_FACE('',(#103),#30,.F.);
#990=ADVANCED_FACE('',(#104),#31,.F.);
#991=ADVANCED_FACE('',(#105),#956,.T.);
#992=ADVANCED_FACE('',(#106),#19,.T.);
#993=ADVANCED_FACE('',(#107),#957,.T.);
#994=ADVANCED_FACE('',(#108),#20,.T.);
#995=ADVANCED_FACE('',(#109),#958,.T.);
#996=ADVANCED_FACE('',(#110),#21,.T.);
#997=ADVANCED_FACE('',(#111),#959,.T.);
#998=ADVANCED_FACE('',(#112),#32,.F.);
#999=ADVANCED_FACE('',(#113),#960,.T.);
#1000=ADVANCED_FACE('',(#114),#33,.F.);
#1001=ADVANCED_FACE('',(#115),#961,.T.);
#1002=ADVANCED_FACE('',(#116),#22,.T.);
#1003=ADVANCED_FACE('',(#117),#962,.T.);
#1004=ADVANCED_FACE('',(#118),#23,.T.);
#1005=ADVANCED_FACE('',(#119),#963,.T.);
#1006=ADVANCED_FACE('',(#120),#34,.F.);
#1007=ADVANCED_FACE('',(#121),#964,.T.);
#1008=ADVANCED_FACE('',(#122),#35,.F.);
#1009=ADVANCED_FACE('',(#123),#965,.T.);
#1010=ADVANCED_FACE('',(#124),#24,.T.);
#1011=ADVANCED_FACE('',(#125),#966,.T.);
#1012=ADVANCED_FACE('',(#126),#25,.T.);
#1013=ADVANCED_FACE('',(#127),#967,.T.);
#1014=ADVANCED_FACE('',(#128),#26,.T.);
#1015=ADVANCED_FACE('',(#129),#968,.T.);
#1016=ADVANCED_FACE('',(#130),#36,.F.);
#1017=ADVANCED_FACE('',(#131),#969,.T.);
#1018=ADVANCED_FACE('',(#132),#37,.T.);
#1019=ADVANCED_FACE('',(#133),#38,.T.);
#1020=ADVANCED_FACE('',(#134),#970,.T.);
#1021=ADVANCED_FACE('',(#135),#39,.T.);
#1022=ADVANCED_FACE('',(#136),#40,.T.);
#1023=ADVANCED_FACE('',(#137),#971,.T.);
#1024=ADVANCED_FACE('',(#138,#42),#972,.F.);
#1025=CLOSED_SHELL('',(#973,#974,#975,#976,#977,#978,#979,#980,#981,#982,
#983,#984,#985,#986,#987,#988,#989,#990,#991,#992,#993,#994,#995,#996,#997,
#998,#999,#1000,#1001,#1002,#1003,#1004,#1005,#1006,#1007,#1008,#1009,#1010,
#1011,#1012,#1013,#1014,#1015,#1016,#1017,#1018,#1019,#1020,#1021,#1022,
#1023,#1024));
#1026=DERIVED_UNIT_ELEMENT(#1028,1.);
#1027=DERIVED_UNIT_ELEMENT(#2131,-3.);
#1028=(
MASS_UNIT()
NAMED_UNIT(*)
SI_UNIT(.KILO.,.GRAM.)
);
#1029=DERIVED_UNIT((#1026,#1027));
#1030=MEASURE_REPRESENTATION_ITEM('density measure',
POSITIVE_RATIO_MEASURE(7850.),#1029);
#1031=PROPERTY_DEFINITION_REPRESENTATION(#1036,#1033);
#1032=PROPERTY_DEFINITION_REPRESENTATION(#1037,#1034);
#1033=REPRESENTATION('material name',(#1035),#2128);
#1034=REPRESENTATION('density',(#1030),#2128);
#1035=DESCRIPTIVE_REPRESENTATION_ITEM('Stahl','Stahl');
#1036=PROPERTY_DEFINITION('material property','material name',#2143);
#1037=PROPERTY_DEFINITION('material property','density of part',#2143);
#1038=AXIS2_PLACEMENT_3D('',#1367,#1113,#1114);
#1039=AXIS2_PLACEMENT_3D('',#1368,#1115,#1116);
#1040=AXIS2_PLACEMENT_3D('',#1369,#1117,#1118);
#1041=AXIS2_PLACEMENT_3D('',#1378,#1123,#1124);
#1042=AXIS2_PLACEMENT_3D('',#1384,#1128,#1129);
#1043=AXIS2_PLACEMENT_3D('',#1392,#1134,#1135);
#1044=AXIS2_PLACEMENT_3D('',#1396,#1138,#1139);
#1045=AXIS2_PLACEMENT_3D('',#1402,#1143,#1144);
#1046=AXIS2_PLACEMENT_3D('',#1404,#1146,#1147);
#1047=AXIS2_PLACEMENT_3D('',#1412,#1152,#1153);
#1048=AXIS2_PLACEMENT_3D('',#1416,#1156,#1157);
#1049=AXIS2_PLACEMENT_3D('',#1438,#1160,#1161);
#1050=AXIS2_PLACEMENT_3D('',#1442,#1163,#1164);
#1051=AXIS2_PLACEMENT_3D('',#1500,#1169,#1170);
#1052=AXIS2_PLACEMENT_3D('',#1504,#1172,#1173);
#1053=AXIS2_PLACEMENT_3D('',#1506,#1174,#1175);
#1054=AXIS2_PLACEMENT_3D('',#1510,#1177,#1178);
#1055=AXIS2_PLACEMENT_3D('',#1512,#1179,#1180);
#1056=AXIS2_PLACEMENT_3D('',#1516,#1182,#1183);
#1057=AXIS2_PLACEMENT_3D('',#1574,#1188,#1189);
#1058=AXIS2_PLACEMENT_3D('',#1578,#1191,#1192);
#1059=AXIS2_PLACEMENT_3D('',#1598,#1194,#1195);
#1060=AXIS2_PLACEMENT_3D('',#1602,#1197,#1198);
#1061=AXIS2_PLACEMENT_3D('',#1606,#1200,#1201);
#1062=AXIS2_PLACEMENT_3D('',#1610,#1203,#1204);
#1063=AXIS2_PLACEMENT_3D('',#1612,#1206,#1207);
#1064=AXIS2_PLACEMENT_3D('',#1618,#1211,#1212);
#1065=AXIS2_PLACEMENT_3D('',#1620,#1213,#1214);
#1066=AXIS2_PLACEMENT_3D('',#1622,#1216,#1217);
#1067=AXIS2_PLACEMENT_3D('',#1626,#1220,#1221);
#1068=AXIS2_PLACEMENT_3D('',#1628,#1222,#1223);
#1069=AXIS2_PLACEMENT_3D('',#1630,#1225,#1226);
#1070=AXIS2_PLACEMENT_3D('',#1634,#1229,#1230);
#1071=AXIS2_PLACEMENT_3D('',#1636,#1231,#1232);
#1072=AXIS2_PLACEMENT_3D('',#1638,#1234,#1235);
#1073=AXIS2_PLACEMENT_3D('',#1642,#1238,#1239);
#1074=AXIS2_PLACEMENT_3D('',#1643,#1240,#1241);
#1075=AXIS2_PLACEMENT_3D('',#1644,#1242,#1243);
#1076=AXIS2_PLACEMENT_3D('',#1647,#1244,#1245);
#1077=AXIS2_PLACEMENT_3D('',#1650,#1248,#1249);
#1078=AXIS2_PLACEMENT_3D('',#1701,#1253,#1254);
#1079=AXIS2_PLACEMENT_3D('',#1752,#1258,#1259);
#1080=AXIS2_PLACEMENT_3D('',#1803,#1263,#1264);
#1081=AXIS2_PLACEMENT_3D('',#1807,#1267,#1268);
#1082=AXIS2_PLACEMENT_3D('',#1809,#1269,#1270);
#1083=AXIS2_PLACEMENT_3D('',#1811,#1272,#1273);
#1084=AXIS2_PLACEMENT_3D('',#1815,#1276,#1277);
#1085=AXIS2_PLACEMENT_3D('',#1817,#1278,#1279);
#1086=AXIS2_PLACEMENT_3D('',#1819,#1281,#1282);
#1087=AXIS2_PLACEMENT_3D('',#1870,#1286,#1287);
#1088=AXIS2_PLACEMENT_3D('',#1919,#1290,#1291);
#1089=AXIS2_PLACEMENT_3D('',#1923,#1294,#1295);
#1090=AXIS2_PLACEMENT_3D('',#1925,#1296,#1297);
#1091=AXIS2_PLACEMENT_3D('',#1927,#1299,#1300);
#1092=AXIS2_PLACEMENT_3D('',#1931,#1303,#1304);
#1093=AXIS2_PLACEMENT_3D('',#1933,#1305,#1306);
#1094=AXIS2_PLACEMENT_3D('',#1935,#1308,#1309);
#1095=AXIS2_PLACEMENT_3D('',#1986,#1313,#1314);
#1096=AXIS2_PLACEMENT_3D('',#2037,#1318,#1319);
#1097=AXIS2_PLACEMENT_3D('',#2088,#1323,#1324);
#1098=AXIS2_PLACEMENT_3D('',#2092,#1327,#1328);
#1099=AXIS2_PLACEMENT_3D('',#2094,#1329,#1330);
#1100=AXIS2_PLACEMENT_3D('',#2096,#1332,#1333);
#1101=AXIS2_PLACEMENT_3D('',#2100,#1336,#1337);
#1102=AXIS2_PLACEMENT_3D('',#2102,#1338,#1339);
#1103=AXIS2_PLACEMENT_3D('',#2104,#1341,#1342);
#1104=AXIS2_PLACEMENT_3D('',#2106,#1343,#1344);
#1105=AXIS2_PLACEMENT_3D('',#2108,#1346,#1347);
#1106=AXIS2_PLACEMENT_3D('',#2112,#1350,#1351);
#1107=AXIS2_PLACEMENT_3D('',#2114,#1352,#1353);
#1108=AXIS2_PLACEMENT_3D('',#2116,#1355,#1356);
#1109=AXIS2_PLACEMENT_3D('',#2118,#1357,#1358);
#1110=AXIS2_PLACEMENT_3D('',#2120,#1360,#1361);
#1111=AXIS2_PLACEMENT_3D('',#2122,#1363,#1364);
#1112=AXIS2_PLACEMENT_3D('',#2123,#1365,#1366);
#1113=DIRECTION('axis',(0.,0.,1.));
#1114=DIRECTION('refdir',(1.,0.,0.));
#1115=DIRECTION('axis',(0.,0.,1.));
#1116=DIRECTION('refdir',(1.,0.,0.));
#1117=DIRECTION('center_axis',(-8.10351241379082E-46,-1.,2.37299577782476E-15));
#1118=DIRECTION('ref_axis',(-1.,0.,-3.41488699201101E-31));
#1119=DIRECTION('',(1.,-1.35058540229847E-45,-2.27659132800734E-31));
#1120=DIRECTION('',(0.,-2.37299577782476E-15,-1.));
#1121=DIRECTION('',(-1.,0.,-3.41488699201101E-31));
#1122=DIRECTION('',(0.,-2.37299577782476E-15,-1.));
#1123=DIRECTION('center_axis',(0.,-2.37299577782476E-15,-1.));
#1124=DIRECTION('ref_axis',(-1.,0.,0.));
#1125=DIRECTION('',(3.1720657846433E-16,1.,-2.4606854055573E-15));
#1126=DIRECTION('',(1.,0.,3.41488699201101E-31));
#1127=DIRECTION('',(0.342020143325669,-0.939692620785908,2.31228791767778E-15));
#1128=DIRECTION('center_axis',(0.939692620785908,0.342020143325669,-8.62996904558531E-16));
#1129=DIRECTION('ref_axis',(0.342020143325669,-0.939692620785908,2.31228791767778E-15));
#1130=DIRECTION('',(0.,2.22044604925031E-15,1.));
#1131=DIRECTION('',(-0.342020143325669,0.939692620785908,-2.31228791767778E-15));
#1132=DIRECTION('',(0.,2.22044604925031E-15,1.));
#1133=DIRECTION('',(0.,-2.52323414687536E-15,-1.));
#1134=DIRECTION('center_axis',(8.61655946596264E-46,1.,-2.52323414687536E-15));
#1135=DIRECTION('ref_axis',(1.,0.,3.41488699201101E-31));
#1136=DIRECTION('',(0.,2.22044604925031E-15,1.));
#1137=DIRECTION('',(-1.,0.,-3.41488699201101E-31));
#1138=DIRECTION('center_axis',(-7.58257233004713E-46,-1.,2.22044604925031E-15));
#1139=DIRECTION('ref_axis',(1.,0.,3.41488699201101E-31));
#1140=DIRECTION('',(-1.,0.,-3.41488699201101E-31));
#1141=DIRECTION('',(1.,0.,3.41488699201101E-31));
#1142=DIRECTION('',(0.,2.22044604925031E-15,1.));
#1143=DIRECTION('center_axis',(0.,2.22044604925031E-15,1.));
#1144=DIRECTION('ref_axis',(1.,0.,0.));
#1145=DIRECTION('',(-3.1720657846433E-16,-1.,2.4606854055573E-15));
#1146=DIRECTION('center_axis',(-3.41488699201101E-31,2.4606854055573E-15,
1.));
#1147=DIRECTION('ref_axis',(-1.24083749811047E-16,1.,-2.4606854055573E-15));
#1148=DIRECTION('',(-1.24083749811047E-16,1.,-2.4606854055573E-15));
#1149=DIRECTION('',(-1.,-1.38777878078145E-16,0.));
#1150=DIRECTION('',(1.24083749811047E-16,-1.,2.4606854055573E-15));
#1151=DIRECTION('',(-1.,0.,-3.41488699201101E-31));
#1152=DIRECTION('center_axis',(8.61655946596264E-46,1.,-2.52323414687536E-15));
#1153=DIRECTION('ref_axis',(1.,0.,3.41488699201101E-31));
#1154=DIRECTION('',(1.,0.,3.41488699201101E-31));
#1155=DIRECTION('',(0.,-2.52323414687536E-15,-1.));
#1156=DIRECTION('center_axis',(-1.,-1.24083749811047E-16,0.));
#1157=DIRECTION('ref_axis',(1.24083749811047E-16,-1.,0.));
#1158=DIRECTION('',(3.1720657846433E-16,1.,-2.4606854055573E-15));
#1159=DIRECTION('',(0.,0.,1.));
#1160=DIRECTION('center_axis',(1.,1.24083749811047E-16,0.));
#1161=DIRECTION('ref_axis',(0.,0.,1.));
#1162=DIRECTION('',(1.24083749811047E-16,-1.,0.));
#1163=DIRECTION('center_axis',(1.,1.24083749811047E-16,0.));
#1164=DIRECTION('ref_axis',(5.76510465312212E-18,-0.0464613993524627,-0.998920086078066));
#1165=DIRECTION('',(-1.2394975004214E-16,0.998920086078066,-0.0464613993524693));
#1166=DIRECTION('',(-3.0403145348846E-31,2.4502116832497E-15,-1.));
#1167=DIRECTION('',(8.77404609264466E-17,-0.70710678118655,-0.707106781186545));
#1168=DIRECTION('',(8.77404609264465E-17,-0.707106781186549,0.707106781186546));
#1169=DIRECTION('center_axis',(1.,1.24083749811047E-16,0.));
#1170=DIRECTION('ref_axis',(2.75521272044114E-30,-2.2204460492504E-14,1.));
#1171=DIRECTION('',(1.24083749811047E-16,-1.,1.4917884318859E-15));
#1172=DIRECTION('center_axis',(-1.,-1.24083749811047E-16,0.));
#1173=DIRECTION('ref_axis',(0.,0.,-1.));
#1174=DIRECTION('center_axis',(-1.,-1.24083749811047E-16,0.));
#1175=DIRECTION('ref_axis',(-1.47296522546159E-17,0.118707343040858,-0.992929285854829));
#1176=DIRECTION('',(0.,0.,1.));
#1177=DIRECTION('center_axis',(-1.,-1.24083749811047E-16,0.));
#1178=DIRECTION('ref_axis',(1.2408220436858E-16,-0.999987545166311,0.00499094302252309));
#1179=DIRECTION('center_axis',(-1.,-1.24083749811047E-16,0.));
#1180=DIRECTION('ref_axis',(1.24083749811047E-16,-1.,0.));
#1181=DIRECTION('',(-1.24083749811047E-16,1.,1.10479024233108E-15));
#1182=DIRECTION('center_axis',(1.,1.24083749811047E-16,0.));
#1183=DIRECTION('ref_axis',(-8.7740460926446E-17,0.707106781186545,-0.70710678118655));
#1184=DIRECTION('',(-8.77404609264465E-17,0.707106781186549,0.707106781186546));
#1185=DIRECTION('',(-8.77404609264465E-17,0.707106781186549,-0.707106781186546));
#1186=DIRECTION('',(0.,0.,-1.));
#1187=DIRECTION('',(1.2394975004214E-16,-0.998920086078066,-0.046461399352469));
#1188=DIRECTION('center_axis',(1.,1.24083749811047E-16,0.));
#1189=DIRECTION('ref_axis',(6.73004919350847E-31,-5.42379578611777E-15,
-1.));
#1190=DIRECTION('',(-1.24083749811047E-16,1.,1.44407015081605E-16));
#1191=DIRECTION('center_axis',(1.,1.24083749811047E-16,0.));
#1192=DIRECTION('ref_axis',(-1.24083749811047E-16,1.,0.));
#1193=DIRECTION('',(0.,0.,1.));
#1194=DIRECTION('center_axis',(1.,1.24083749811047E-16,0.));
#1195=DIRECTION('ref_axis',(0.,0.,1.));
#1196=DIRECTION('',(1.24083749811047E-16,-1.,0.));
#1197=DIRECTION('center_axis',(1.,1.24083749811047E-16,0.));
#1198=DIRECTION('ref_axis',(1.24083749811047E-16,-1.,-2.22044604925032E-15));
#1199=DIRECTION('',(-6.26184709191144E-32,5.04646829375071E-16,-1.));
#1200=DIRECTION('center_axis',(1.,1.24083749811047E-16,0.));
#1201=DIRECTION('ref_axis',(0.,0.,-1.));
#1202=DIRECTION('',(-1.24083749811047E-16,1.,0.));
#1203=DIRECTION('center_axis',(1.,1.24083749811047E-16,0.));
#1204=DIRECTION('ref_axis',(-1.24083749811047E-16,1.,2.22044604925032E-15));
#1205=DIRECTION('',(6.26184709191144E-32,-5.04646829375071E-16,1.));
#1206=DIRECTION('center_axis',(1.38777878078145E-16,-1.,-5.04646829375071E-16));
#1207=DIRECTION('ref_axis',(6.26184709191144E-32,-5.04646829375071E-16,
1.));
#1208=DIRECTION('',(6.26184709191144E-32,-5.04646829375071E-16,1.));
#1209=DIRECTION('',(-1.,-1.38777878078145E-16,0.));
#1210=DIRECTION('',(-1.,-1.38777878078145E-16,0.));
#1211=DIRECTION('center_axis',(-1.,-1.38777878078145E-16,0.));
#1212=DIRECTION('ref_axis',(-1.38777878078145E-16,1.,2.22044604925032E-15));
#1213=DIRECTION('center_axis',(1.,1.24083749811047E-16,0.));
#1214=DIRECTION('ref_axis',(-1.24083749811047E-16,1.,2.22044604925032E-15));
#1215=DIRECTION('',(-1.,-1.38777878078145E-16,0.));
#1216=DIRECTION('center_axis',(0.,0.,1.));
#1217=DIRECTION('ref_axis',(-1.24083749811047E-16,1.,0.));
#1218=DIRECTION('',(-1.24083749811047E-16,1.,0.));
#1219=DIRECTION('',(-1.,-1.38777878078145E-16,0.));
#1220=DIRECTION('center_axis',(-1.,-1.38777878078145E-16,0.));
#1221=DIRECTION('ref_axis',(0.,0.,-1.));
#1222=DIRECTION('center_axis',(1.,1.24083749811047E-16,0.));
#1223=DIRECTION('ref_axis',(0.,0.,-1.));
#1224=DIRECTION('',(-1.,-1.38777878078145E-16,0.));
#1225=DIRECTION('center_axis',(-1.38777878078145E-16,1.,5.04646829375071E-16));
#1226=DIRECTION('ref_axis',(-6.26184709191144E-32,5.04646829375071E-16,
-1.));
#1227=DIRECTION('',(-6.26184709191144E-32,5.04646829375071E-16,-1.));
#1228=DIRECTION('',(-1.,-1.38777878078145E-16,0.));
#1229=DIRECTION('center_axis',(-1.,-1.38777878078145E-16,0.));
#1230=DIRECTION('ref_axis',(1.38777878078145E-16,-1.,-2.22044604925032E-15));
#1231=DIRECTION('center_axis',(1.,1.24083749811047E-16,0.));
#1232=DIRECTION('ref_axis',(1.24083749811047E-16,-1.,-2.22044604925032E-15));
#1233=DIRECTION('',(-1.,-1.38777878078145E-16,0.));
#1234=DIRECTION('center_axis',(0.,0.,-1.));
#1235=DIRECTION('ref_axis',(1.24083749811047E-16,-1.,0.));
#1236=DIRECTION('',(1.24083749811047E-16,-1.,0.));
#1237=DIRECTION('',(-1.,-1.38777878078145E-16,0.));
#1238=DIRECTION('center_axis',(-1.,-1.38777878078145E-16,0.));
#1239=DIRECTION('ref_axis',(0.,0.,1.));
#1240=DIRECTION('center_axis',(1.,1.24083749811047E-16,0.));
#1241=DIRECTION('ref_axis',(0.,0.,1.));
#1242=DIRECTION('center_axis',(-1.,-1.38777878078145E-16,0.));
#1243=DIRECTION('ref_axis',(3.0814879110197E-30,-2.2204460492504E-14,1.));
#1244=DIRECTION('center_axis',(-1.,-1.24083749811047E-16,0.));
#1245=DIRECTION('ref_axis',(2.75521272044114E-30,-2.2204460492504E-14,1.));
#1246=DIRECTION('',(-1.,-1.38777878078145E-16,0.));
#1247=DIRECTION('',(-1.,-1.38777878078145E-16,0.));
#1248=DIRECTION('center_axis',(9.81307786677357E-17,-0.707106781186546,
-0.707106781186549));
#1249=DIRECTION('ref_axis',(8.77404609264465E-17,-0.707106781186549,0.707106781186546));
#1250=DIRECTION('',(-8.77404609264465E-17,0.707106781186549,-0.707106781186546));
#1251=DIRECTION('',(-1.,-1.38777878078145E-16,0.));
#1252=DIRECTION('',(-1.,-1.38777878078145E-16,0.));
#1253=DIRECTION('center_axis',(-9.81307786677355E-17,0.707106781186545,
-0.70710678118655));
#1254=DIRECTION('ref_axis',(8.77404609264466E-17,-0.70710678118655,-0.707106781186545));
#1255=DIRECTION('',(-8.77404609264466E-17,0.70710678118655,0.707106781186545));
#1256=DIRECTION('',(-1.,-1.38777878078145E-16,0.));
#1257=DIRECTION('',(-1.,-1.38777878078145E-16,0.));
#1258=DIRECTION('center_axis',(-1.38777878078145E-16,1.,2.4502116832497E-15));
#1259=DIRECTION('ref_axis',(-3.0403145348846E-31,2.4502116832497E-15,-1.));
#1260=DIRECTION('',(3.0403145348846E-31,-2.4502116832497E-15,1.));
#1261=DIRECTION('',(-1.,-1.38777878078145E-16,0.));
#1262=DIRECTION('',(-1.,-1.38777878078145E-16,0.));
#1263=DIRECTION('center_axis',(-6.44781441467696E-18,0.0464613993524693,
0.998920086078066));
#1264=DIRECTION('ref_axis',(-1.2394975004214E-16,0.998920086078066,-0.0464613993524693));
#1265=DIRECTION('',(-1.2394975004214E-16,0.998920086078066,-0.0464613993524693));
#1266=DIRECTION('',(-1.,-1.38777878078145E-16,0.));
#1267=DIRECTION('center_axis',(-1.,-1.38777878078145E-16,0.));
#1268=DIRECTION('ref_axis',(6.44781441467605E-18,-0.0464613993524627,-0.998920086078066));
#1269=DIRECTION('center_axis',(-1.,-1.24083749811047E-16,0.));
#1270=DIRECTION('ref_axis',(5.76510465312212E-18,-0.0464613993524627,-0.998920086078066));
#1271=DIRECTION('',(-1.,-1.38777878078145E-16,0.));
#1272=DIRECTION('center_axis',(0.,0.,-1.));
#1273=DIRECTION('ref_axis',(1.24083749811047E-16,-1.,0.));
#1274=DIRECTION('',(1.24083749811047E-16,-1.,0.));
#1275=DIRECTION('',(-1.,-1.38777878078145E-16,0.));
#1276=DIRECTION('center_axis',(-1.,-1.38777878078145E-16,0.));
#1277=DIRECTION('ref_axis',(0.,0.,1.));
#1278=DIRECTION('center_axis',(-1.,-1.24083749811047E-16,0.));
#1279=DIRECTION('ref_axis',(0.,0.,1.));
#1280=DIRECTION('',(-1.,-1.38777878078145E-16,0.));
#1281=DIRECTION('center_axis',(1.38777878078145E-16,-1.,0.));
#1282=DIRECTION('ref_axis',(0.,0.,1.));
#1283=DIRECTION('',(0.,0.,-1.));
#1284=DIRECTION('',(-1.,-1.38777878078145E-16,0.));
#1285=DIRECTION('',(-1.,-1.38777878078145E-16,0.));
#1286=DIRECTION('center_axis',(-2.27659132800734E-31,1.6404569370382E-15,
-1.));
#1287=DIRECTION('ref_axis',(1.24083749811047E-16,-1.,-1.6404569370382E-15));
#1288=DIRECTION('',(-8.40296258286895E-46,-1.,2.4606854055573E-15));
#1289=DIRECTION('',(-1.,-1.38777878078145E-16,0.));
#1290=DIRECTION('center_axis',(1.38777878078145E-16,-1.,0.));
#1291=DIRECTION('ref_axis',(0.,0.,1.));
#1292=DIRECTION('',(0.,0.,-1.));
#1293=DIRECTION('',(-1.,-1.38777878078145E-16,0.));
#1294=DIRECTION('center_axis',(-1.,-1.38777878078145E-16,0.));
#1295=DIRECTION('ref_axis',(-1.38777878078144E-16,1.,0.));
#1296=DIRECTION('center_axis',(-1.,-1.24083749811047E-16,0.));
#1297=DIRECTION('ref_axis',(-1.24083749811047E-16,1.,0.));
#1298=DIRECTION('',(-1.,-1.38777878078145E-16,0.));
#1299=DIRECTION('center_axis',(2.00404991326238E-32,-1.44407015081605E-16,
1.));
#1300=DIRECTION('ref_axis',(-1.24083749811047E-16,1.,1.44407015081605E-16));
#1301=DIRECTION('',(1.24083749811047E-16,-1.,-1.44407015081605E-16));
#1302=DIRECTION('',(-1.,-1.38777878078145E-16,0.));
#1303=DIRECTION('center_axis',(-1.,-1.38777878078145E-16,0.));
#1304=DIRECTION('ref_axis',(7.52702870326605E-31,-5.42379578611777E-15,
-1.));
#1305=DIRECTION('center_axis',(-1.,-1.24083749811047E-16,0.));
#1306=DIRECTION('ref_axis',(6.73004919350847E-31,-5.42379578611777E-15,
-1.));
#1307=DIRECTION('',(-1.,-1.38777878078145E-16,0.));
#1308=DIRECTION('center_axis',(-6.44781441467692E-18,0.046461399352469,
-0.998920086078066));
#1309=DIRECTION('ref_axis',(1.2394975004214E-16,-0.998920086078066,-0.046461399352469));
#1310=DIRECTION('',(1.2394975004214E-16,-0.998920086078066,-0.046461399352469));
#1311=DIRECTION('',(-1.,-1.38777878078145E-16,0.));
#1312=DIRECTION('',(-1.,-1.38777878078145E-16,0.));
#1313=DIRECTION('center_axis',(-1.38777878078145E-16,1.,0.));
#1314=DIRECTION('ref_axis',(0.,0.,-1.));
#1315=DIRECTION('',(0.,0.,1.));
#1316=DIRECTION('',(-1.,-1.38777878078145E-16,0.));
#1317=DIRECTION('',(-1.,-1.38777878078145E-16,0.));
#1318=DIRECTION('center_axis',(-9.81307786677356E-17,0.707106781186546,
0.707106781186549));
#1319=DIRECTION('ref_axis',(-8.77404609264465E-17,0.707106781186549,-0.707106781186546));
#1320=DIRECTION('',(8.77404609264465E-17,-0.707106781186549,0.707106781186546));
#1321=DIRECTION('',(-1.,-1.38777878078145E-16,0.));
#1322=DIRECTION('',(-1.,-1.38777878078145E-16,0.));
#1323=DIRECTION('center_axis',(9.81307786677357E-17,-0.707106781186546,
0.707106781186549));
#1324=DIRECTION('ref_axis',(-8.77404609264465E-17,0.707106781186549,0.707106781186546));
#1325=DIRECTION('',(8.77404609264465E-17,-0.707106781186549,-0.707106781186546));
#1326=DIRECTION('',(-1.,-1.38777878078145E-16,0.));
#1327=DIRECTION('center_axis',(-1.,-1.38777878078145E-16,0.));
#1328=DIRECTION('ref_axis',(-9.81307786677356E-17,0.707106781186545,-0.70710678118655));
#1329=DIRECTION('center_axis',(-1.,-1.24083749811047E-16,0.));
#1330=DIRECTION('ref_axis',(-8.7740460926446E-17,0.707106781186545,-0.70710678118655));
#1331=DIRECTION('',(-1.,-1.38777878078145E-16,0.));
#1332=DIRECTION('center_axis',(1.53320445552146E-31,-1.10479024233108E-15,
1.));
#1333=DIRECTION('ref_axis',(-1.24083749811047E-16,1.,1.10479024233108E-15));
#1334=DIRECTION('',(-1.24083749811047E-16,1.,1.10479024233108E-15));
#1335=DIRECTION('',(-1.,-1.38777878078145E-16,0.));
#1336=DIRECTION('center_axis',(-1.,-1.38777878078145E-16,0.));
#1337=DIRECTION('ref_axis',(1.38777878078145E-16,-1.,0.));
#1338=DIRECTION('center_axis',(-1.,-1.24083749811047E-16,0.));
#1339=DIRECTION('ref_axis',(1.24083749811047E-16,-1.,0.));
#1340=DIRECTION('',(-1.,-1.38777878078145E-16,0.));
#1341=DIRECTION('center_axis',(-1.,-1.38777878078145E-16,0.));
#1342=DIRECTION('ref_axis',(1.38776149622753E-16,-0.999987545166311,0.00499094302252309));
#1343=DIRECTION('center_axis',(-1.,-1.24083749811047E-16,0.));
#1344=DIRECTION('ref_axis',(1.2408220436858E-16,-0.999987545166311,0.00499094302252309));
#1345=DIRECTION('',(-1.,-1.38777878078145E-16,0.));
#1346=DIRECTION('center_axis',(1.38777878078145E-16,-1.,0.));
#1347=DIRECTION('ref_axis',(0.,0.,1.));
#1348=DIRECTION('',(0.,0.,-1.));
#1349=DIRECTION('',(-1.,-1.38777878078145E-16,0.));
#1350=DIRECTION('center_axis',(-1.,-1.38777878078145E-16,0.));
#1351=DIRECTION('ref_axis',(-1.64739531795047E-17,0.118707343040858,-0.992929285854829));
#1352=DIRECTION('center_axis',(-1.,-1.24083749811047E-16,0.));
#1353=DIRECTION('ref_axis',(-1.47296522546159E-17,0.118707343040858,-0.992929285854829));
#1354=DIRECTION('',(-1.,-1.38777878078145E-16,0.));
#1355=DIRECTION('center_axis',(-1.,-1.38777878078145E-16,0.));
#1356=DIRECTION('ref_axis',(0.,0.,-1.));
#1357=DIRECTION('center_axis',(-1.,-1.24083749811047E-16,0.));
#1358=DIRECTION('ref_axis',(0.,0.,-1.));
#1359=DIRECTION('',(-1.,-1.38777878078145E-16,0.));
#1360=DIRECTION('center_axis',(2.07027233118648E-31,-1.4917884318859E-15,
-1.));
#1361=DIRECTION('ref_axis',(1.24083749811047E-16,-1.,1.4917884318859E-15));
#1362=DIRECTION('',(1.24083749811047E-16,-1.,1.4917884318859E-15));
#1363=DIRECTION('center_axis',(-1.,-1.24083749811047E-16,0.));
#1364=DIRECTION('ref_axis',(1.24083749811047E-16,-1.,0.));
#1365=DIRECTION('',(0.,0.,1.));
#1366=DIRECTION('',(1.,0.,0.));
#1367=CARTESIAN_POINT('',(0.,0.,0.));
#1368=CARTESIAN_POINT('',(0.,0.,0.));
#1369=CARTESIAN_POINT('Origin',(-5.00000007450581,24.65,16.9));
#1370=CARTESIAN_POINT('',(-7.60000122789999,24.65,5.7));
#1371=CARTESIAN_POINT('',(-5.00000007450581,24.65,5.7));
#1372=CARTESIAN_POINT('',(-4.8000006512029,24.65,5.70000000000001));
#1373=CARTESIAN_POINT('',(-7.60000122789999,24.65,3.79999999999999));
#1374=CARTESIAN_POINT('',(-7.60000122789999,24.65,16.9));
#1375=CARTESIAN_POINT('',(-5.00000007450581,24.65,3.79999999999999));
#1376=CARTESIAN_POINT('',(-7.60000122789999,24.65,3.79999999999999));
#1377=CARTESIAN_POINT('',(-5.00000007450581,24.65,16.9));
#1378=CARTESIAN_POINT('Origin',(-6.3000006512029,26.4,3.79999999999999));
#1379=CARTESIAN_POINT('',(-7.60000122789999,28.15,3.79999999999999));
#1380=CARTESIAN_POINT('',(-7.60000122789999,24.65,3.79999999999999));
#1381=CARTESIAN_POINT('',(-6.27389589443751,28.15,3.79999999999999));
#1382=CARTESIAN_POINT('',(-6.27389589443751,28.15,3.79999999999999));
#1383=CARTESIAN_POINT('',(-5.00000007450581,24.65,3.79999999999999));
#1384=CARTESIAN_POINT('Origin',(-6.27389589443751,28.15,16.9));
#1385=CARTESIAN_POINT('',(-6.27389589443751,28.15,18.9));
#1386=CARTESIAN_POINT('',(-6.27389589443751,28.15,16.9));
#1387=CARTESIAN_POINT('',(-5.00000007450581,24.65,18.9));
#1388=CARTESIAN_POINT('',(-5.00000007450581,24.65,18.9));
#1389=CARTESIAN_POINT('',(-5.00000007450581,24.65,16.9));
#1390=CARTESIAN_POINT('',(-5.00000007450581,24.65,16.9));
#1391=CARTESIAN_POINT('',(-5.00000007450581,24.65,16.9));
#1392=CARTESIAN_POINT('Origin',(-7.60000122789999,28.15,16.9));
#1393=CARTESIAN_POINT('',(-7.60000122789999,28.15,18.9));
#1394=CARTESIAN_POINT('',(-7.60000122789999,28.15,16.9));
#1395=CARTESIAN_POINT('',(-6.27389589443751,28.15,18.9));
#1396=CARTESIAN_POINT('Origin',(-7.60000122789999,24.65,16.9));
#1397=CARTESIAN_POINT('',(-7.60000122789999,24.65,16.9));
#1398=CARTESIAN_POINT('',(-6.10000122789999,24.65,16.9));
#1399=CARTESIAN_POINT('',(-7.60000122789999,24.65,18.9));
#1400=CARTESIAN_POINT('',(-7.60000122789999,24.65,18.9));
#1401=CARTESIAN_POINT('',(-7.60000122789999,24.65,16.9));
#1402=CARTESIAN_POINT('Origin',(-6.3000006512029,26.4,18.9));
#1403=CARTESIAN_POINT('',(-7.60000122789999,24.65,18.9));
#1404=CARTESIAN_POINT('Origin',(-4.60000122789999,19.9428932188135,16.9));
#1405=CARTESIAN_POINT('',(-7.60000122789999,19.9428932188135,16.9));
#1406=CARTESIAN_POINT('',(-7.60000122789999,22.65,16.9));
#1407=CARTESIAN_POINT('',(-4.60000122789999,19.9428932188135,16.9));
#1408=CARTESIAN_POINT('',(-4.60000122789999,19.9428932188135,16.9));
#1409=CARTESIAN_POINT('',(-4.60000122789999,24.65,16.9));
#1410=CARTESIAN_POINT('',(-4.60000122789999,22.65,16.9));
#1411=CARTESIAN_POINT('',(-4.60000122789999,24.65,16.9));
#1412=CARTESIAN_POINT('Origin',(-5.00000007450581,24.65,16.9));
#1413=CARTESIAN_POINT('',(-4.60000122789999,24.65,5.7));
#1414=CARTESIAN_POINT('',(-5.5500006512029,24.65,5.7));
#1415=CARTESIAN_POINT('',(-4.60000122789999,24.65,16.9));
#1416=CARTESIAN_POINT('Origin',(-7.60000122789999,10.1500000000001,11.3000000000001));
#1417=CARTESIAN_POINT('',(-7.60000122789999,19.9428932188135,5.7));
#1418=CARTESIAN_POINT('',(-7.60000122789999,24.025,5.7));
#1419=CARTESIAN_POINT('',(-7.60000122789999,18.9428932188135,6.7));
#1420=CARTESIAN_POINT('Ctrl Pts',(-7.60000122789999,19.9428932188135,5.7));
#1421=CARTESIAN_POINT('Ctrl Pts',(-7.60000122789999,19.907184664609,5.70429144579821));
#1422=CARTESIAN_POINT('Ctrl Pts',(-7.60000122789999,19.8371393767538,5.71424615794759));
#1423=CARTESIAN_POINT('Ctrl Pts',(-7.60000122789999,19.7361867805091,5.73329356170777));
#1424=CARTESIAN_POINT('Ctrl Pts',(-7.60000122789999,19.6099504903163,5.7670572715176));
#1425=CARTESIAN_POINT('Ctrl Pts',(-7.60000122789999,19.4670468473984,5.82415362859769));
#1426=CARTESIAN_POINT('Ctrl Pts',(-7.60000122789999,19.3403657831248,5.89747256431852));
#1427=CARTESIAN_POINT('Ctrl Pts',(-7.60000122789999,19.2312311832944,5.98833796448095));
#1428=CARTESIAN_POINT('Ctrl Pts',(-7.60000122789999,19.1403657831432,6.09747256432261));
#1429=CARTESIAN_POINT('Ctrl Pts',(-7.60000122789999,19.0670468474307,6.22415362860484));
#1430=CARTESIAN_POINT('Ctrl Pts',(-7.60000122789999,19.0099504903535,6.36705727152583));
#1431=CARTESIAN_POINT('Ctrl Pts',(-7.60000122789999,18.9761867805396,6.49329356171453));
#1432=CARTESIAN_POINT('Ctrl Pts',(-7.60000122789999,18.957139376772,6.59424615795164));
#1433=CARTESIAN_POINT('Ctrl Pts',(-7.60000122789999,18.9471846646157,6.66429144579969));
#1434=CARTESIAN_POINT('Ctrl Pts',(-7.60000122789999,18.9428932188135,6.7));
#1435=CARTESIAN_POINT('',(-7.60000122789999,18.9428932188135,8.29999999999999));
#1436=CARTESIAN_POINT('',(-7.60000122789999,18.9428932188135,8.29999999999999));
#1437=CARTESIAN_POINT('',(-7.60000122789999,17.9428932188135,9.3));
#1438=CARTESIAN_POINT('Origin',(-7.60000122789999,17.9428932188135,8.3));
#1439=CARTESIAN_POINT('',(-7.60000122789999,2.56659001085972,9.29999999999999));
#1440=CARTESIAN_POINT('',(-7.60000122789999,17.9428932188135,9.3));
#1441=CARTESIAN_POINT('',(-7.60000122789999,2.54281398879347,8.27707841912589));
#1442=CARTESIAN_POINT('Origin',(-7.60000122789999,2.56659001085971,8.78826289355013));
#1443=CARTESIAN_POINT('',(-7.60000122789999,16.9893546181659,7.60514629682948));
#1444=CARTESIAN_POINT('',(-7.60000122789999,2.54281398879347,8.27707841912589));
#1445=CARTESIAN_POINT('',(-7.60000122789999,17.9428932188135,6.60622621075143));
#1446=CARTESIAN_POINT('Ctrl Pts',(-7.60000122789999,16.9893546181659,7.60514629682948));
#1447=CARTESIAN_POINT('Ctrl Pts',(-7.60000122789999,17.0236037235414,7.59965666848953));
#1448=CARTESIAN_POINT('Ctrl Pts',(-7.60000122789999,17.0907764176724,7.58741211413439));
#1449=CARTESIAN_POINT('Ctrl Pts',(-7.60000122789999,17.1875590308747,7.56524950590512));
#1450=CARTESIAN_POINT('Ctrl Pts',(-7.60000122789999,17.30851776615,7.52798190717164));
#1451=CARTESIAN_POINT('Ctrl Pts',(-7.60000122789999,17.4453271151324,7.46766204196427));
#1452=CARTESIAN_POINT('Ctrl Pts',(-7.60000122789999,17.5664614565064,7.39237929331297));
#1453=CARTESIAN_POINT('Ctrl Pts',(-7.60000122789999,17.6706415904331,7.30091257612623));
#1454=CARTESIAN_POINT('Ctrl Pts',(-7.60000122789999,17.7571691766191,7.19259527609103));
#1455=CARTESIAN_POINT('Ctrl Pts',(-7.60000122789999,17.826742555362,7.06809400752196));
#1456=CARTESIAN_POINT('Ctrl Pts',(-7.60000122789999,17.8806409265046,6.92862985551204));
#1457=CARTESIAN_POINT('Ctrl Pts',(-7.60000122789999,17.9122483673389,6.8060702404753));
#1458=CARTESIAN_POINT('Ctrl Pts',(-7.60000122789999,17.9298903862255,6.70836243837942));
#1459=CARTESIAN_POINT('Ctrl Pts',(-7.60000122789999,17.9390007801569,6.64069338585232));
#1460=CARTESIAN_POINT('Ctrl Pts',(-7.60000122789999,17.9428932188135,6.60622621075143));
#1461=CARTESIAN_POINT('',(-7.60000122789999,17.9428932188135,5.69999999999998));
#1462=CARTESIAN_POINT('',(-7.60000122789999,17.9428932188135,5.69999999999998));
#1463=CARTESIAN_POINT('',(-7.60000122789999,17.7964466094067,5.3464466094067));
#1464=CARTESIAN_POINT('Ctrl Pts',(-7.60000122789999,17.9428932188135,5.69999999999998));
#1465=CARTESIAN_POINT('Ctrl Pts',(-7.60000122789999,17.942631321491,5.6918242101766));
#1466=CARTESIAN_POINT('Ctrl Pts',(-7.60000122789999,17.9418746159618,5.67556910537655));
#1467=CARTESIAN_POINT('Ctrl Pts',(-7.60000122789999,17.940040846429,5.6514758638469));
#1468=CARTESIAN_POINT('Ctrl Pts',(-7.60000122789999,17.9361752225535,5.61993997269415));
#1469=CARTESIAN_POINT('Ctrl Pts',(-7.60000122789999,17.9288148418836,5.58156738595338));
#1470=CARTESIAN_POINT('Ctrl Pts',(-7.60000122789999,17.9187001540832,5.5443356705798));
#1471=CARTESIAN_POINT('Ctrl Pts',(-7.60000122789999,17.9056063867433,5.50833793035469));
#1472=CARTESIAN_POINT('Ctrl Pts',(-7.60000122789999,17.8894108321954,5.47362499245931));
#1473=CARTESIAN_POINT('Ctrl Pts',(-7.60000122789999,17.8702361981095,5.44014602971283));
#1474=CARTESIAN_POINT('Ctrl Pts',(-7.60000122789999,17.8483072568963,5.40780793833444));
#1475=CARTESIAN_POINT('Ctrl Pts',(-7.60000122789999,17.8287414232691,5.38277528699294));
#1476=CARTESIAN_POINT('Ctrl Pts',(-7.60000122789999,17.8130015996774,5.36444212165263));
#1477=CARTESIAN_POINT('Ctrl Pts',(-7.60000122789999,17.8020425764581,5.35241295520638));
#1478=CARTESIAN_POINT('Ctrl Pts',(-7.60000122789999,17.7964466094067,5.3464466094067));
#1479=CARTESIAN_POINT('',(-7.60000122789999,16.5964466094067,4.14644660940671));
#1480=CARTESIAN_POINT('',(-7.60000122789999,16.5964466094067,4.14644660940671));
#1481=CARTESIAN_POINT('',(-7.60000122789999,15.8893398282202,4.14644660940672));
#1482=CARTESIAN_POINT('Ctrl Pts',(-7.60000122789999,16.5964466094067,4.14644660940671));
#1483=CARTESIAN_POINT('Ctrl Pts',(-7.60000122789999,16.5823044737855,4.13533898420913));
#1484=CARTESIAN_POINT('Ctrl Pts',(-7.60000122789999,16.5540202025425,4.11409375742923));
#1485=CARTESIAN_POINT('Ctrl Pts',(-7.60000122789999,16.5115937956759,4.08513589892296));
#1486=CARTESIAN_POINT('Ctrl Pts',(-7.60000122789999,16.4550252531834,4.05244190459375));
#1487=CARTESIAN_POINT('Ctrl Pts',(-7.60000122789999,16.3843145750628,4.02210444774669));
#1488=CARTESIAN_POINT('Ctrl Pts',(-7.60000122789999,16.3136038969389,4.00323808626326));
#1489=CARTESIAN_POINT('Ctrl Pts',(-7.60000122789999,16.2428932188134,3.99677894877146));
#1490=CARTESIAN_POINT('Ctrl Pts',(-7.60000122789999,16.1721825406882,4.00323808625962));
#1491=CARTESIAN_POINT('Ctrl Pts',(-7.60000122789999,16.1014718625647,4.0221044477403));
#1492=CARTESIAN_POINT('Ctrl Pts',(-7.60000122789999,16.0307611844445,4.05244190458639));
#1493=CARTESIAN_POINT('Ctrl Pts',(-7.60000122789999,15.974192641952,4.08513589891691));
#1494=CARTESIAN_POINT('Ctrl Pts',(-7.60000122789999,15.9317662350851,4.11409375742561));
#1495=CARTESIAN_POINT('Ctrl Pts',(-7.60000122789999,15.9034819638416,4.13533898420781));
#1496=CARTESIAN_POINT('Ctrl Pts',(-7.60000122789999,15.8893398282202,4.14644660940672));
#1497=CARTESIAN_POINT('',(-7.60000122789999,14.4822330470336,5.55355339059326));
#1498=CARTESIAN_POINT('',(-7.60000122789999,14.4822330470336,5.55355339059326));
#1499=CARTESIAN_POINT('',(-7.60000122789999,14.1286796564404,5.69999999999998));
#1500=CARTESIAN_POINT('Origin',(-7.60000122789999,14.1286796564404,5.2));
#1501=CARTESIAN_POINT('',(-7.60000122789999,-1.95,5.7));
#1502=CARTESIAN_POINT('',(-7.60000122789999,14.1286796564404,5.69999999999998));
#1503=CARTESIAN_POINT('',(-7.60000122789999,-4.35416305603426,6.69583694396574));
#1504=CARTESIAN_POINT('Origin',(-7.60000122789999,-1.95,9.1));
#1505=CARTESIAN_POINT('',(-7.60000122789999,-5.35,9.1));
#1506=CARTESIAN_POINT('Origin',(-7.60000122789999,-1.90853254584879,9.11717638190652));
#1507=CARTESIAN_POINT('',(-7.60000122789999,-5.35,13.5));
#1508=CARTESIAN_POINT('',(-7.60000122789999,-5.35,13.5));
#1509=CARTESIAN_POINT('',(-7.60000122789999,-4.35416305603426,15.9041630560343));
#1510=CARTESIAN_POINT('Origin',(-7.60000122789999,-1.90853254584879,13.4828236180935));
#1511=CARTESIAN_POINT('',(-7.60000122789999,-1.95,16.9));
#1512=CARTESIAN_POINT('Origin',(-7.60000122789999,-1.95,13.5));
#1513=CARTESIAN_POINT('',(-7.60000122789999,14.1286796564404,16.9));
#1514=CARTESIAN_POINT('',(-7.60000122789999,-1.95,16.9));
#1515=CARTESIAN_POINT('',(-7.60000122789999,14.4822330470336,17.0464466094068));
#1516=CARTESIAN_POINT('Origin',(-7.60000122789999,14.1286796564404,17.4));
#1517=CARTESIAN_POINT('',(-7.60000122789999,15.8893398282202,18.4535533905933));
#1518=CARTESIAN_POINT('',(-7.60000122789999,15.8893398282202,18.4535533905933));
#1519=CARTESIAN_POINT('',(-7.60000122789999,16.5964466094067,18.4535533905933));
#1520=CARTESIAN_POINT('Ctrl Pts',(-7.60000122789999,15.8893398282202,18.4535533905933));
#1521=CARTESIAN_POINT('Ctrl Pts',(-7.60000122789999,15.9034819638475,18.464661015795));
#1522=CARTESIAN_POINT('Ctrl Pts',(-7.60000122789999,15.9317662351014,18.4859062425821));
#1523=CARTESIAN_POINT('Ctrl Pts',(-7.60000122789999,15.9741926419795,18.5148641010962));
#1524=CARTESIAN_POINT('Ctrl Pts',(-7.60000122789999,16.0307611844785,18.5475580954299));
#1525=CARTESIAN_POINT('Ctrl Pts',(-7.60000122789999,16.1014718625949,18.5778955522743));
#1526=CARTESIAN_POINT('Ctrl Pts',(-7.60000122789999,16.1721825407058,18.5967619137491));
#1527=CARTESIAN_POINT('Ctrl Pts',(-7.60000122789999,16.2428932188136,18.6032210512287));
#1528=CARTESIAN_POINT('Ctrl Pts',(-7.60000122789999,16.3136038969208,18.5967619137278));
#1529=CARTESIAN_POINT('Ctrl Pts',(-7.60000122789999,16.3843145750304,18.5778955522371));
#1530=CARTESIAN_POINT('Ctrl Pts',(-7.60000122789999,16.4550252531455,18.5475580953871));
#1531=CARTESIAN_POINT('Ctrl Pts',(-7.60000122789999,16.5115937956445,18.514864101061));
#1532=CARTESIAN_POINT('Ctrl Pts',(-7.60000122789999,16.5540202025236,18.4859062425611));
#1533=CARTESIAN_POINT('Ctrl Pts',(-7.60000122789999,16.5823044737786,18.4646610157873));
#1534=CARTESIAN_POINT('Ctrl Pts',(-7.60000122789999,16.5964466094067,18.4535533905933));
#1535=CARTESIAN_POINT('',(-7.60000122789999,17.7964466094067,17.2535533905933));
#1536=CARTESIAN_POINT('',(-7.60000122789999,17.7964466094067,17.2535533905933));
#1537=CARTESIAN_POINT('',(-7.60000122789999,17.9428932188135,16.9));
#1538=CARTESIAN_POINT('Ctrl Pts',(-7.60000122789999,17.7964466094067,17.2535533905933));
#1539=CARTESIAN_POINT('Ctrl Pts',(-7.60000122789999,17.8020425764611,17.2475870447957));
#1540=CARTESIAN_POINT('Ctrl Pts',(-7.60000122789999,17.8130015996855,17.235557878353));
#1541=CARTESIAN_POINT('Ctrl Pts',(-7.60000122789999,17.8287414232826,17.2172247130167));
#1542=CARTESIAN_POINT('Ctrl Pts',(-7.60000122789999,17.8483072569127,17.1921920616776));
#1543=CARTESIAN_POINT('Ctrl Pts',(-7.60000122789999,17.8702361981235,17.1598539702981));
#1544=CARTESIAN_POINT('Ctrl Pts',(-7.60000122789999,17.8894108322032,17.1263750075473));
#1545=CARTESIAN_POINT('Ctrl Pts',(-7.60000122789999,17.9056063867432,17.0916620696454));
#1546=CARTESIAN_POINT('Ctrl Pts',(-7.60000122789999,17.9187001540754,17.0556643294134));
#1547=CARTESIAN_POINT('Ctrl Pts',(-7.60000122789999,17.9288148418702,17.0184326140342));
#1548=CARTESIAN_POINT('Ctrl Pts',(-7.60000122789999,17.9361752225382,16.9800600272911));
#1549=CARTESIAN_POINT('Ctrl Pts',(-7.60000122789999,17.9400408464166,16.9485241361408));
#1550=CARTESIAN_POINT('Ctrl Pts',(-7.60000122789999,17.9418746159544,16.924430894616));
#1551=CARTESIAN_POINT('Ctrl Pts',(-7.60000122789999,17.9426313214883,16.9081757898207));
#1552=CARTESIAN_POINT('Ctrl Pts',(-7.60000122789999,17.9428932188135,16.9));
#1553=CARTESIAN_POINT('',(-7.60000122789999,17.9428932188135,15.9937737892486));
#1554=CARTESIAN_POINT('',(-7.60000122789999,17.9428932188135,15.9937737892486));
#1555=CARTESIAN_POINT('',(-7.60000122789999,16.9893546181659,14.9948537031705));
#1556=CARTESIAN_POINT('Ctrl Pts',(-7.60000122789999,17.9428932188135,15.9937737892486));
#1557=CARTESIAN_POINT('Ctrl Pts',(-7.60000122789999,17.9390007801625,15.9593066141476));
#1558=CARTESIAN_POINT('Ctrl Pts',(-7.60000122789999,17.9298903862407,15.8916375616205));
#1559=CARTESIAN_POINT('Ctrl Pts',(-7.60000122789999,17.9122483673639,15.7939297595247));
#1560=CARTESIAN_POINT('Ctrl Pts',(-7.60000122789999,17.8806409265342,15.6713701444882));
#1561=CARTESIAN_POINT('Ctrl Pts',(-7.60000122789999,17.8267425553863,15.5319059924786));
#1562=CARTESIAN_POINT('Ctrl Pts',(-7.60000122789999,17.757169176632,15.4074047239096));
#1563=CARTESIAN_POINT('Ctrl Pts',(-7.60000122789999,17.6706415904326,15.2990874238739));
#1564=CARTESIAN_POINT('Ctrl Pts',(-7.60000122789999,17.5664614564945,15.2076207066862));
#1565=CARTESIAN_POINT('Ctrl Pts',(-7.60000122789999,17.4453271151134,15.1323379580337));
#1566=CARTESIAN_POINT('Ctrl Pts',(-7.60000122789999,17.3085177661298,15.0720180928256));
#1567=CARTESIAN_POINT('Ctrl Pts',(-7.60000122789999,17.1875590308588,15.0347504940924));
#1568=CARTESIAN_POINT('Ctrl Pts',(-7.60000122789999,17.0907764176632,15.0125878858641));
#1569=CARTESIAN_POINT('Ctrl Pts',(-7.60000122789999,17.0236037235381,15.0003433315099));
#1570=CARTESIAN_POINT('Ctrl Pts',(-7.60000122789999,16.9893546181659,14.9948537031705));
#1571=CARTESIAN_POINT('',(-7.60000122789999,2.54281398879347,14.3229215808741));
#1572=CARTESIAN_POINT('',(-7.60000122789999,16.9893546181659,14.9948537031705));
#1573=CARTESIAN_POINT('',(-7.60000122789999,2.56659001085972,13.3));
#1574=CARTESIAN_POINT('Origin',(-7.60000122789999,2.56659001085972,13.8117371064499));
#1575=CARTESIAN_POINT('',(-7.60000122789999,17.9428932188135,13.3));
#1576=CARTESIAN_POINT('',(-7.60000122789999,17.9428932188135,13.3));
#1577=CARTESIAN_POINT('',(-7.60000122789999,18.9428932188135,14.3));
#1578=CARTESIAN_POINT('Origin',(-7.60000122789999,17.9428932188135,14.3));
#1579=CARTESIAN_POINT('',(-7.60000122789999,18.9428932188135,15.9));
#1580=CARTESIAN_POINT('',(-7.60000122789999,18.9428932188135,15.9));
#1581=CARTESIAN_POINT('Ctrl Pts',(-7.60000122789999,18.9428932188135,15.9));
#1582=CARTESIAN_POINT('Ctrl Pts',(-7.60000122789999,18.9471846646157,15.935708554202));
#1583=CARTESIAN_POINT('Ctrl Pts',(-7.60000122789999,18.957139376772,16.0057538420529));
#1584=CARTESIAN_POINT('Ctrl Pts',(-7.60000122789999,18.9761867805396,16.106706438293));
#1585=CARTESIAN_POINT('Ctrl Pts',(-7.60000122789999,19.0099504903535,16.2329427284833));
#1586=CARTESIAN_POINT('Ctrl Pts',(-7.60000122789999,19.0670468474307,16.3758463714031));
#1587=CARTESIAN_POINT('Ctrl Pts',(-7.60000122789999,19.1403657831432,16.5025274356818));
#1588=CARTESIAN_POINT('Ctrl Pts',(-7.60000122789999,19.2312311832944,16.611662035519));
#1589=CARTESIAN_POINT('Ctrl Pts',(-7.60000122789999,19.3403657831249,16.7025274356772));
#1590=CARTESIAN_POINT('Ctrl Pts',(-7.60000122789999,19.4670468473986,16.7758463713949));
#1591=CARTESIAN_POINT('Ctrl Pts',(-7.60000122789999,19.6099504903166,16.832942728474));
#1592=CARTESIAN_POINT('Ctrl Pts',(-7.60000122789999,19.7361867805093,16.8667064382854));
#1593=CARTESIAN_POINT('Ctrl Pts',(-7.60000122789999,19.8371393767539,16.8857538420483));
#1594=CARTESIAN_POINT('Ctrl Pts',(-7.60000122789999,19.9071846646091,16.8957085542003));
#1595=CARTESIAN_POINT('Ctrl Pts',(-7.60000122789999,19.9428932188135,16.9));
#1596=CARTESIAN_POINT('',(-7.60000122789999,-0.349999999999999,13.5));
#1597=CARTESIAN_POINT('',(-7.60000122789999,-1.35,14.5));
#1598=CARTESIAN_POINT('Origin',(-7.60000122789999,-1.35,13.5));
#1599=CARTESIAN_POINT('',(-7.60000122789999,-1.95,14.5));
#1600=CARTESIAN_POINT('',(-7.60000122789999,-1.35,14.5));
#1601=CARTESIAN_POINT('',(-7.60000122789999,-2.95,13.5));
#1602=CARTESIAN_POINT('Origin',(-7.60000122789999,-1.95,13.5));
#1603=CARTESIAN_POINT('',(-7.60000122789999,-2.95,9.1));
#1604=CARTESIAN_POINT('',(-7.60000122789999,-2.95,13.5));
#1605=CARTESIAN_POINT('',(-7.60000122789999,-1.95,8.1));
#1606=CARTESIAN_POINT('Origin',(-7.60000122789999,-1.95,9.1));
#1607=CARTESIAN_POINT('',(-7.60000122789999,-1.35,8.1));
#1608=CARTESIAN_POINT('',(-7.60000122789999,-1.35,8.1));
#1609=CARTESIAN_POINT('',(-7.60000122789999,-0.349999999999997,9.1));
#1610=CARTESIAN_POINT('Origin',(-7.60000122789999,-1.35,9.1));
#1611=CARTESIAN_POINT('',(-7.60000122789999,-0.349999999999999,13.5));
#1612=CARTESIAN_POINT('Origin',(-4.60000122789999,-0.349999999999996,9.1));
#1613=CARTESIAN_POINT('',(-4.60000122789999,-0.349999999999996,9.1));
#1614=CARTESIAN_POINT('',(-4.60000122789999,-0.349999999999999,13.5));
#1615=CARTESIAN_POINT('',(-4.60000122789999,-0.349999999999999,13.5));
#1616=CARTESIAN_POINT('',(-4.60000122789999,-0.349999999999999,13.5));
#1617=CARTESIAN_POINT('',(-4.60000122789999,-0.349999999999996,9.1));
#1618=CARTESIAN_POINT('Origin',(-4.60000122789999,-1.35,9.1));
#1619=CARTESIAN_POINT('',(-4.60000122789999,-1.35,8.1));
#1620=CARTESIAN_POINT('Origin',(-4.60000122789999,-1.35,9.1));
#1621=CARTESIAN_POINT('',(-4.60000122789999,-1.35,8.1));
#1622=CARTESIAN_POINT('Origin',(-4.60000122789999,-1.95,8.1));
#1623=CARTESIAN_POINT('',(-4.60000122789999,-1.95,8.1));
#1624=CARTESIAN_POINT('',(-4.60000122789999,-1.35,8.1));
#1625=CARTESIAN_POINT('',(-4.60000122789999,-1.95,8.1));
#1626=CARTESIAN_POINT('Origin',(-4.60000122789999,-1.95,9.1));
#1627=CARTESIAN_POINT('',(-4.60000122789999,-2.95,9.1));
#1628=CARTESIAN_POINT('Origin',(-4.60000122789999,-1.95,9.1));
#1629=CARTESIAN_POINT('',(-4.60000122789999,-2.95,9.1));
#1630=CARTESIAN_POINT('Origin',(-4.60000122789999,-2.95,13.5));
#1631=CARTESIAN_POINT('',(-4.60000122789999,-2.95,13.5));
#1632=CARTESIAN_POINT('',(-4.60000122789999,-2.95,13.5));
#1633=CARTESIAN_POINT('',(-4.60000122789999,-2.95,13.5));
#1634=CARTESIAN_POINT('Origin',(-4.60000122789999,-1.95,13.5));
#1635=CARTESIAN_POINT('',(-4.60000122789999,-1.95,14.5));
#1636=CARTESIAN_POINT('Origin',(-4.60000122789999,-1.95,13.5));
#1637=CARTESIAN_POINT('',(-4.60000122789999,-1.95,14.5));
#1638=CARTESIAN_POINT('Origin',(-4.60000122789999,-1.35,14.5));
#1639=CARTESIAN_POINT('',(-4.60000122789999,-1.35,14.5));
#1640=CARTESIAN_POINT('',(-4.60000122789999,-1.35,14.5));
#1641=CARTESIAN_POINT('',(-4.60000122789999,-1.35,14.5));
#1642=CARTESIAN_POINT('Origin',(-4.60000122789999,-1.35,13.5));
#1643=CARTESIAN_POINT('Origin',(-4.60000122789999,-1.35,13.5));
#1644=CARTESIAN_POINT('Origin',(-4.60000122789999,14.1286796564404,5.2));
#1645=CARTESIAN_POINT('',(-4.60000122789999,14.1286796564404,5.69999999999998));
#1646=CARTESIAN_POINT('',(-4.60000122789999,14.4822330470336,5.55355339059326));
#1647=CARTESIAN_POINT('Origin',(-4.60000122789999,14.1286796564404,5.2));
#1648=CARTESIAN_POINT('',(-4.60000122789999,14.1286796564404,5.69999999999998));
#1649=CARTESIAN_POINT('',(-4.60000122789999,14.4822330470336,5.55355339059326));
#1650=CARTESIAN_POINT('Origin',(-4.60000122789999,15.8893398282202,4.14644660940672));
#1651=CARTESIAN_POINT('',(-4.60000122789999,15.8893398282202,4.14644660940672));
#1652=CARTESIAN_POINT('',(-4.60000122789999,14.4822330470336,5.55355339059326));
#1653=CARTESIAN_POINT('',(-4.60000122789999,15.8893398282202,4.14644660940672));
#1654=CARTESIAN_POINT('Ctrl Pts',(-4.60000122789999,16.5964466094067,4.14644660940671));
#1655=CARTESIAN_POINT('Ctrl Pts',(-7.60000122789999,16.5964466094067,4.14644660940671));
#1656=CARTESIAN_POINT('Ctrl Pts',(-4.60000122789999,16.5823044737855,4.13533898420913));
#1657=CARTESIAN_POINT('Ctrl Pts',(-7.60000122789999,16.5823044737855,4.13533898420913));
#1658=CARTESIAN_POINT('Ctrl Pts',(-4.60000122789999,16.5540202025425,4.11409375742923));
#1659=CARTESIAN_POINT('Ctrl Pts',(-7.60000122789999,16.5540202025425,4.11409375742923));
#1660=CARTESIAN_POINT('Ctrl Pts',(-4.60000122789999,16.5115937956759,4.08513589892296));
#1661=CARTESIAN_POINT('Ctrl Pts',(-7.60000122789999,16.5115937956759,4.08513589892296));
#1662=CARTESIAN_POINT('Ctrl Pts',(-4.60000122789999,16.4550252531834,4.05244190459375));
#1663=CARTESIAN_POINT('Ctrl Pts',(-7.60000122789999,16.4550252531834,4.05244190459375));
#1664=CARTESIAN_POINT('Ctrl Pts',(-4.60000122789999,16.3843145750628,4.02210444774669));
#1665=CARTESIAN_POINT('Ctrl Pts',(-7.60000122789999,16.3843145750628,4.02210444774669));
#1666=CARTESIAN_POINT('Ctrl Pts',(-4.60000122789999,16.3136038969389,4.00323808626326));
#1667=CARTESIAN_POINT('Ctrl Pts',(-7.60000122789999,16.3136038969389,4.00323808626326));
#1668=CARTESIAN_POINT('Ctrl Pts',(-4.60000122789999,16.2428932188134,3.99677894877146));
#1669=CARTESIAN_POINT('Ctrl Pts',(-7.60000122789999,16.2428932188134,3.99677894877146));
#1670=CARTESIAN_POINT('Ctrl Pts',(-4.60000122789999,16.1721825406882,4.00323808625962));
#1671=CARTESIAN_POINT('Ctrl Pts',(-7.60000122789999,16.1721825406882,4.00323808625962));
#1672=CARTESIAN_POINT('Ctrl Pts',(-4.60000122789999,16.1014718625647,4.0221044477403));
#1673=CARTESIAN_POINT('Ctrl Pts',(-7.60000122789999,16.1014718625647,4.0221044477403));
#1674=CARTESIAN_POINT('Ctrl Pts',(-4.60000122789999,16.0307611844445,4.05244190458639));
#1675=CARTESIAN_POINT('Ctrl Pts',(-7.60000122789999,16.0307611844445,4.05244190458639));
#1676=CARTESIAN_POINT('Ctrl Pts',(-4.60000122789999,15.974192641952,4.08513589891691));
#1677=CARTESIAN_POINT('Ctrl Pts',(-7.60000122789999,15.974192641952,4.08513589891691));
#1678=CARTESIAN_POINT('Ctrl Pts',(-4.60000122789999,15.9317662350851,4.11409375742561));
#1679=CARTESIAN_POINT('Ctrl Pts',(-7.60000122789999,15.9317662350851,4.11409375742561));
#1680=CARTESIAN_POINT('Ctrl Pts',(-4.60000122789999,15.9034819638416,4.13533898420781));
#1681=CARTESIAN_POINT('Ctrl Pts',(-7.60000122789999,15.9034819638416,4.13533898420781));
#1682=CARTESIAN_POINT('Ctrl Pts',(-4.60000122789999,15.8893398282202,4.14644660940672));
#1683=CARTESIAN_POINT('Ctrl Pts',(-7.60000122789999,15.8893398282202,4.14644660940672));
#1684=CARTESIAN_POINT('',(-4.60000122789999,16.5964466094067,4.14644660940671));
#1685=CARTESIAN_POINT('Ctrl Pts',(-4.60000122789999,15.8893398282202,4.14644660940672));
#1686=CARTESIAN_POINT('Ctrl Pts',(-4.60000122789999,15.9034819638416,4.13533898420781));
#1687=CARTESIAN_POINT('Ctrl Pts',(-4.60000122789999,15.9317662350851,4.11409375742561));
#1688=CARTESIAN_POINT('Ctrl Pts',(-4.60000122789999,15.974192641952,4.08513589891691));
#1689=CARTESIAN_POINT('Ctrl Pts',(-4.60000122789999,16.0307611844445,4.05244190458639));
#1690=CARTESIAN_POINT('Ctrl Pts',(-4.60000122789999,16.1014718625647,4.0221044477403));
#1691=CARTESIAN_POINT('Ctrl Pts',(-4.60000122789999,16.1721825406882,4.00323808625962));
#1692=CARTESIAN_POINT('Ctrl Pts',(-4.60000122789999,16.2428932188134,3.99677894877146));
#1693=CARTESIAN_POINT('Ctrl Pts',(-4.60000122789999,16.3136038969389,4.00323808626326));
#1694=CARTESIAN_POINT('Ctrl Pts',(-4.60000122789999,16.3843145750628,4.02210444774669));
#1695=CARTESIAN_POINT('Ctrl Pts',(-4.60000122789999,16.4550252531834,4.05244190459375));
#1696=CARTESIAN_POINT('Ctrl Pts',(-4.60000122789999,16.5115937956759,4.08513589892296));
#1697=CARTESIAN_POINT('Ctrl Pts',(-4.60000122789999,16.5540202025425,4.11409375742923));
#1698=CARTESIAN_POINT('Ctrl Pts',(-4.60000122789999,16.5823044737855,4.13533898420913));
#1699=CARTESIAN_POINT('Ctrl Pts',(-4.60000122789999,16.5964466094067,4.14644660940671));
#1700=CARTESIAN_POINT('',(-4.60000122789999,16.5964466094067,4.14644660940671));
#1701=CARTESIAN_POINT('Origin',(-4.60000122789999,17.7964466094067,5.3464466094067));
#1702=CARTESIAN_POINT('',(-4.60000122789999,17.7964466094067,5.3464466094067));
#1703=CARTESIAN_POINT('',(-4.60000122789999,16.5964466094067,4.14644660940671));
#1704=CARTESIAN_POINT('',(-4.60000122789999,17.7964466094067,5.3464466094067));
#1705=CARTESIAN_POINT('Ctrl Pts',(-4.60000122789999,17.9428932188135,5.69999999999998));
#1706=CARTESIAN_POINT('Ctrl Pts',(-7.60000122789999,17.9428932188135,5.69999999999998));
#1707=CARTESIAN_POINT('Ctrl Pts',(-4.60000122789999,17.942631321491,5.6918242101766));
#1708=CARTESIAN_POINT('Ctrl Pts',(-7.60000122789999,17.942631321491,5.6918242101766));
#1709=CARTESIAN_POINT('Ctrl Pts',(-4.60000122789999,17.9418746159618,5.67556910537655));
#1710=CARTESIAN_POINT('Ctrl Pts',(-7.60000122789999,17.9418746159618,5.67556910537655));
#1711=CARTESIAN_POINT('Ctrl Pts',(-4.60000122789999,17.940040846429,5.6514758638469));
#1712=CARTESIAN_POINT('Ctrl Pts',(-7.60000122789999,17.940040846429,5.6514758638469));
#1713=CARTESIAN_POINT('Ctrl Pts',(-4.60000122789999,17.9361752225535,5.61993997269415));
#1714=CARTESIAN_POINT('Ctrl Pts',(-7.60000122789999,17.9361752225535,5.61993997269415));
#1715=CARTESIAN_POINT('Ctrl Pts',(-4.60000122789999,17.9288148418836,5.58156738595338));
#1716=CARTESIAN_POINT('Ctrl Pts',(-7.60000122789999,17.9288148418836,5.58156738595338));
#1717=CARTESIAN_POINT('Ctrl Pts',(-4.60000122789999,17.9187001540832,5.5443356705798));
#1718=CARTESIAN_POINT('Ctrl Pts',(-7.60000122789999,17.9187001540832,5.5443356705798));
#1719=CARTESIAN_POINT('Ctrl Pts',(-4.60000122789999,17.9056063867433,5.50833793035469));
#1720=CARTESIAN_POINT('Ctrl Pts',(-7.60000122789999,17.9056063867433,5.50833793035469));
#1721=CARTESIAN_POINT('Ctrl Pts',(-4.60000122789999,17.8894108321954,5.47362499245931));
#1722=CARTESIAN_POINT('Ctrl Pts',(-7.60000122789999,17.8894108321954,5.47362499245931));
#1723=CARTESIAN_POINT('Ctrl Pts',(-4.60000122789999,17.8702361981095,5.44014602971283));
#1724=CARTESIAN_POINT('Ctrl Pts',(-7.60000122789999,17.8702361981095,5.44014602971283));
#1725=CARTESIAN_POINT('Ctrl Pts',(-4.60000122789999,17.8483072568963,5.40780793833444));
#1726=CARTESIAN_POINT('Ctrl Pts',(-7.60000122789999,17.8483072568963,5.40780793833444));
#1727=CARTESIAN_POINT('Ctrl Pts',(-4.60000122789999,17.8287414232691,5.38277528699294));
#1728=CARTESIAN_POINT('Ctrl Pts',(-7.60000122789999,17.8287414232691,5.38277528699294));
#1729=CARTESIAN_POINT('Ctrl Pts',(-4.60000122789999,17.8130015996774,5.36444212165263));
#1730=CARTESIAN_POINT('Ctrl Pts',(-7.60000122789999,17.8130015996774,5.36444212165263));
#1731=CARTESIAN_POINT('Ctrl Pts',(-4.60000122789999,17.8020425764581,5.35241295520638));
#1732=CARTESIAN_POINT('Ctrl Pts',(-7.60000122789999,17.8020425764581,5.35241295520638));
#1733=CARTESIAN_POINT('Ctrl Pts',(-4.60000122789999,17.7964466094067,5.3464466094067));
#1734=CARTESIAN_POINT('Ctrl Pts',(-7.60000122789999,17.7964466094067,5.3464466094067));
#1735=CARTESIAN_POINT('',(-4.60000122789999,17.9428932188135,5.69999999999998));
#1736=CARTESIAN_POINT('Ctrl Pts',(-4.60000122789999,17.7964466094067,5.3464466094067));
#1737=CARTESIAN_POINT('Ctrl Pts',(-4.60000122789999,17.8020425764581,5.35241295520638));
#1738=CARTESIAN_POINT('Ctrl Pts',(-4.60000122789999,17.8130015996774,5.36444212165263));
#1739=CARTESIAN_POINT('Ctrl Pts',(-4.60000122789999,17.8287414232691,5.38277528699294));
#1740=CARTESIAN_POINT('Ctrl Pts',(-4.60000122789999,17.8483072568963,5.40780793833444));
#1741=CARTESIAN_POINT('Ctrl Pts',(-4.60000122789999,17.8702361981095,5.44014602971283));
#1742=CARTESIAN_POINT('Ctrl Pts',(-4.60000122789999,17.8894108321954,5.47362499245931));
#1743=CARTESIAN_POINT('Ctrl Pts',(-4.60000122789999,17.9056063867433,5.50833793035469));
#1744=CARTESIAN_POINT('Ctrl Pts',(-4.60000122789999,17.9187001540832,5.5443356705798));
#1745=CARTESIAN_POINT('Ctrl Pts',(-4.60000122789999,17.9288148418836,5.58156738595338));
#1746=CARTESIAN_POINT('Ctrl Pts',(-4.60000122789999,17.9361752225535,5.61993997269415));
#1747=CARTESIAN_POINT('Ctrl Pts',(-4.60000122789999,17.940040846429,5.6514758638469));
#1748=CARTESIAN_POINT('Ctrl Pts',(-4.60000122789999,17.9418746159618,5.67556910537655));
#1749=CARTESIAN_POINT('Ctrl Pts',(-4.60000122789999,17.942631321491,5.6918242101766));
#1750=CARTESIAN_POINT('Ctrl Pts',(-4.60000122789999,17.9428932188135,5.69999999999998));
#1751=CARTESIAN_POINT('',(-4.60000122789999,17.9428932188135,5.69999999999998));
#1752=CARTESIAN_POINT('Origin',(-4.60000122789999,17.9428932188135,6.60622621075143));
#1753=CARTESIAN_POINT('',(-4.60000122789999,17.9428932188135,6.60622621075143));
#1754=CARTESIAN_POINT('',(-4.60000122789999,17.9428932188135,5.69999999999998));
#1755=CARTESIAN_POINT('',(-4.60000122789999,17.9428932188135,6.60622621075143));
#1756=CARTESIAN_POINT('Ctrl Pts',(-4.60000122789999,16.9893546181659,7.60514629682948));
#1757=CARTESIAN_POINT('Ctrl Pts',(-7.60000122789999,16.9893546181659,7.60514629682948));
#1758=CARTESIAN_POINT('Ctrl Pts',(-4.60000122789999,17.0236037235414,7.59965666848953));
#1759=CARTESIAN_POINT('Ctrl Pts',(-7.60000122789999,17.0236037235414,7.59965666848953));
#1760=CARTESIAN_POINT('Ctrl Pts',(-4.60000122789999,17.0907764176724,7.58741211413439));
#1761=CARTESIAN_POINT('Ctrl Pts',(-7.60000122789999,17.0907764176724,7.58741211413439));
#1762=CARTESIAN_POINT('Ctrl Pts',(-4.60000122789999,17.1875590308747,7.56524950590512));
#1763=CARTESIAN_POINT('Ctrl Pts',(-7.60000122789999,17.1875590308747,7.56524950590512));
#1764=CARTESIAN_POINT('Ctrl Pts',(-4.60000122789999,17.30851776615,7.52798190717164));
#1765=CARTESIAN_POINT('Ctrl Pts',(-7.60000122789999,17.30851776615,7.52798190717164));
#1766=CARTESIAN_POINT('Ctrl Pts',(-4.60000122789999,17.4453271151324,7.46766204196427));
#1767=CARTESIAN_POINT('Ctrl Pts',(-7.60000122789999,17.4453271151324,7.46766204196427));
#1768=CARTESIAN_POINT('Ctrl Pts',(-4.60000122789999,17.5664614565064,7.39237929331297));
#1769=CARTESIAN_POINT('Ctrl Pts',(-7.60000122789999,17.5664614565064,7.39237929331297));
#1770=CARTESIAN_POINT('Ctrl Pts',(-4.60000122789999,17.6706415904331,7.30091257612623));
#1771=CARTESIAN_POINT('Ctrl Pts',(-7.60000122789999,17.6706415904331,7.30091257612623));
#1772=CARTESIAN_POINT('Ctrl Pts',(-4.60000122789999,17.7571691766191,7.19259527609103));
#1773=CARTESIAN_POINT('Ctrl Pts',(-7.60000122789999,17.7571691766191,7.19259527609103));
#1774=CARTESIAN_POINT('Ctrl Pts',(-4.60000122789999,17.826742555362,7.06809400752196));
#1775=CARTESIAN_POINT('Ctrl Pts',(-7.60000122789999,17.826742555362,7.06809400752196));
#1776=CARTESIAN_POINT('Ctrl Pts',(-4.60000122789999,17.8806409265046,6.92862985551204));
#1777=CARTESIAN_POINT('Ctrl Pts',(-7.60000122789999,17.8806409265046,6.92862985551204));
#1778=CARTESIAN_POINT('Ctrl Pts',(-4.60000122789999,17.9122483673389,6.8060702404753));
#1779=CARTESIAN_POINT('Ctrl Pts',(-7.60000122789999,17.9122483673389,6.8060702404753));
#1780=CARTESIAN_POINT('Ctrl Pts',(-4.60000122789999,17.9298903862255,6.70836243837942));
#1781=CARTESIAN_POINT('Ctrl Pts',(-7.60000122789999,17.9298903862255,6.70836243837942));
#1782=CARTESIAN_POINT('Ctrl Pts',(-4.60000122789999,17.9390007801569,6.64069338585232));
#1783=CARTESIAN_POINT('Ctrl Pts',(-7.60000122789999,17.9390007801569,6.64069338585232));
#1784=CARTESIAN_POINT('Ctrl Pts',(-4.60000122789999,17.9428932188135,6.60622621075143));
#1785=CARTESIAN_POINT('Ctrl Pts',(-7.60000122789999,17.9428932188135,6.60622621075143));
#1786=CARTESIAN_POINT('',(-4.60000122789999,16.9893546181659,7.60514629682948));
#1787=CARTESIAN_POINT('Ctrl Pts',(-4.60000122789999,17.9428932188135,6.60622621075143));
#1788=CARTESIAN_POINT('Ctrl Pts',(-4.60000122789999,17.9390007801569,6.64069338585232));
#1789=CARTESIAN_POINT('Ctrl Pts',(-4.60000122789999,17.9298903862255,6.70836243837942));
#1790=CARTESIAN_POINT('Ctrl Pts',(-4.60000122789999,17.9122483673389,6.8060702404753));
#1791=CARTESIAN_POINT('Ctrl Pts',(-4.60000122789999,17.8806409265046,6.92862985551204));
#1792=CARTESIAN_POINT('Ctrl Pts',(-4.60000122789999,17.826742555362,7.06809400752196));
#1793=CARTESIAN_POINT('Ctrl Pts',(-4.60000122789999,17.7571691766191,7.19259527609103));
#1794=CARTESIAN_POINT('Ctrl Pts',(-4.60000122789999,17.6706415904331,7.30091257612623));
#1795=CARTESIAN_POINT('Ctrl Pts',(-4.60000122789999,17.5664614565064,7.39237929331297));
#1796=CARTESIAN_POINT('Ctrl Pts',(-4.60000122789999,17.4453271151324,7.46766204196427));
#1797=CARTESIAN_POINT('Ctrl Pts',(-4.60000122789999,17.30851776615,7.52798190717164));
#1798=CARTESIAN_POINT('Ctrl Pts',(-4.60000122789999,17.1875590308747,7.56524950590512));
#1799=CARTESIAN_POINT('Ctrl Pts',(-4.60000122789999,17.0907764176724,7.58741211413439));
#1800=CARTESIAN_POINT('Ctrl Pts',(-4.60000122789999,17.0236037235414,7.59965666848953));
#1801=CARTESIAN_POINT('Ctrl Pts',(-4.60000122789999,16.9893546181659,7.60514629682948));
#1802=CARTESIAN_POINT('',(-4.60000122789999,16.9893546181659,7.60514629682948));
#1803=CARTESIAN_POINT('Origin',(-4.60000122789999,2.54281398879347,8.27707841912589));
#1804=CARTESIAN_POINT('',(-4.60000122789999,2.54281398879347,8.27707841912589));
#1805=CARTESIAN_POINT('',(-4.60000122789999,2.54281398879347,8.27707841912589));
#1806=CARTESIAN_POINT('',(-4.60000122789999,2.54281398879347,8.27707841912589));
#1807=CARTESIAN_POINT('Origin',(-4.60000122789999,2.56659001085971,8.78826289355013));
#1808=CARTESIAN_POINT('',(-4.60000122789999,2.56659001085972,9.29999999999999));
#1809=CARTESIAN_POINT('Origin',(-4.60000122789999,2.56659001085971,8.78826289355013));
#1810=CARTESIAN_POINT('',(-4.60000122789999,2.56659001085972,9.29999999999999));
#1811=CARTESIAN_POINT('Origin',(-4.60000122789999,17.9428932188135,9.3));
#1812=CARTESIAN_POINT('',(-4.60000122789999,17.9428932188135,9.3));
#1813=CARTESIAN_POINT('',(-4.60000122789999,17.9428932188135,9.3));
#1814=CARTESIAN_POINT('',(-4.60000122789999,17.9428932188135,9.3));
#1815=CARTESIAN_POINT('Origin',(-4.60000122789999,17.9428932188135,8.3));
#1816=CARTESIAN_POINT('',(-4.60000122789999,18.9428932188135,8.29999999999999));
#1817=CARTESIAN_POINT('Origin',(-4.60000122789999,17.9428932188135,8.3));
#1818=CARTESIAN_POINT('',(-4.60000122789999,18.9428932188135,8.29999999999999));
#1819=CARTESIAN_POINT('Origin',(-4.60000122789999,18.9428932188135,6.7));
#1820=CARTESIAN_POINT('',(-4.60000122789999,18.9428932188135,6.7));
#1821=CARTESIAN_POINT('',(-4.60000122789999,18.9428932188135,8.29999999999999));
#1822=CARTESIAN_POINT('',(-4.60000122789999,18.9428932188135,6.7));
#1823=CARTESIAN_POINT('Ctrl Pts',(-4.60000122789999,19.9428932188135,5.7));
#1824=CARTESIAN_POINT('Ctrl Pts',(-7.60000122789999,19.9428932188135,5.7));
#1825=CARTESIAN_POINT('Ctrl Pts',(-4.60000122789999,19.907184664609,5.70429144579821));
#1826=CARTESIAN_POINT('Ctrl Pts',(-7.60000122789999,19.907184664609,5.70429144579821));
#1827=CARTESIAN_POINT('Ctrl Pts',(-4.60000122789999,19.8371393767538,5.71424615794759));
#1828=CARTESIAN_POINT('Ctrl Pts',(-7.60000122789999,19.8371393767538,5.71424615794759));
#1829=CARTESIAN_POINT('Ctrl Pts',(-4.60000122789999,19.7361867805091,5.73329356170777));
#1830=CARTESIAN_POINT('Ctrl Pts',(-7.60000122789999,19.7361867805091,5.73329356170777));
#1831=CARTESIAN_POINT('Ctrl Pts',(-4.60000122789999,19.6099504903163,5.7670572715176));
#1832=CARTESIAN_POINT('Ctrl Pts',(-7.60000122789999,19.6099504903163,5.7670572715176));
#1833=CARTESIAN_POINT('Ctrl Pts',(-4.60000122789999,19.4670468473984,5.82415362859769));
#1834=CARTESIAN_POINT('Ctrl Pts',(-7.60000122789999,19.4670468473984,5.82415362859769));
#1835=CARTESIAN_POINT('Ctrl Pts',(-4.60000122789999,19.3403657831248,5.89747256431852));
#1836=CARTESIAN_POINT('Ctrl Pts',(-7.60000122789999,19.3403657831248,5.89747256431852));
#1837=CARTESIAN_POINT('Ctrl Pts',(-4.60000122789999,19.2312311832944,5.98833796448095));
#1838=CARTESIAN_POINT('Ctrl Pts',(-7.60000122789999,19.2312311832944,5.98833796448095));
#1839=CARTESIAN_POINT('Ctrl Pts',(-4.60000122789999,19.1403657831432,6.09747256432261));
#1840=CARTESIAN_POINT('Ctrl Pts',(-7.60000122789999,19.1403657831432,6.09747256432261));
#1841=CARTESIAN_POINT('Ctrl Pts',(-4.60000122789999,19.0670468474307,6.22415362860484));
#1842=CARTESIAN_POINT('Ctrl Pts',(-7.60000122789999,19.0670468474307,6.22415362860484));
#1843=CARTESIAN_POINT('Ctrl Pts',(-4.60000122789999,19.0099504903535,6.36705727152583));
#1844=CARTESIAN_POINT('Ctrl Pts',(-7.60000122789999,19.0099504903535,6.36705727152583));
#1845=CARTESIAN_POINT('Ctrl Pts',(-4.60000122789999,18.9761867805396,6.49329356171453));
#1846=CARTESIAN_POINT('Ctrl Pts',(-7.60000122789999,18.9761867805396,6.49329356171453));
#1847=CARTESIAN_POINT('Ctrl Pts',(-4.60000122789999,18.957139376772,6.59424615795164));
#1848=CARTESIAN_POINT('Ctrl Pts',(-7.60000122789999,18.957139376772,6.59424615795164));
#1849=CARTESIAN_POINT('Ctrl Pts',(-4.60000122789999,18.9471846646157,6.66429144579969));
#1850=CARTESIAN_POINT('Ctrl Pts',(-7.60000122789999,18.9471846646157,6.66429144579969));
#1851=CARTESIAN_POINT('Ctrl Pts',(-4.60000122789999,18.9428932188135,6.7));
#1852=CARTESIAN_POINT('Ctrl Pts',(-7.60000122789999,18.9428932188135,6.7));
#1853=CARTESIAN_POINT('',(-4.60000122789999,19.9428932188135,5.7));
#1854=CARTESIAN_POINT('Ctrl Pts',(-4.60000122789999,19.9428932188135,5.7));
#1855=CARTESIAN_POINT('Ctrl Pts',(-4.60000122789999,19.907184664609,5.70429144579821));
#1856=CARTESIAN_POINT('Ctrl Pts',(-4.60000122789999,19.8371393767538,5.71424615794759));
#1857=CARTESIAN_POINT('Ctrl Pts',(-4.60000122789999,19.7361867805091,5.73329356170777));
#1858=CARTESIAN_POINT('Ctrl Pts',(-4.60000122789999,19.6099504903163,5.7670572715176));
#1859=CARTESIAN_POINT('Ctrl Pts',(-4.60000122789999,19.4670468473984,5.82415362859769));
#1860=CARTESIAN_POINT('Ctrl Pts',(-4.60000122789999,19.3403657831248,5.89747256431852));
#1861=CARTESIAN_POINT('Ctrl Pts',(-4.60000122789999,19.2312311832944,5.98833796448095));
#1862=CARTESIAN_POINT('Ctrl Pts',(-4.60000122789999,19.1403657831432,6.09747256432261));
#1863=CARTESIAN_POINT('Ctrl Pts',(-4.60000122789999,19.0670468474307,6.22415362860484));
#1864=CARTESIAN_POINT('Ctrl Pts',(-4.60000122789999,19.0099504903535,6.36705727152583));
#1865=CARTESIAN_POINT('Ctrl Pts',(-4.60000122789999,18.9761867805396,6.49329356171453));
#1866=CARTESIAN_POINT('Ctrl Pts',(-4.60000122789999,18.957139376772,6.59424615795164));
#1867=CARTESIAN_POINT('Ctrl Pts',(-4.60000122789999,18.9471846646157,6.66429144579969));
#1868=CARTESIAN_POINT('Ctrl Pts',(-4.60000122789999,18.9428932188135,6.7));
#1869=CARTESIAN_POINT('',(-4.60000122789999,19.9428932188135,5.7));
#1870=CARTESIAN_POINT('Origin',(-4.60000122789999,22.65,5.7));
#1871=CARTESIAN_POINT('',(-4.60000122789999,25.025,5.7));
#1872=CARTESIAN_POINT('Ctrl Pts',(-4.60000122789999,18.9428932188135,15.9));
#1873=CARTESIAN_POINT('Ctrl Pts',(-7.60000122789999,18.9428932188135,15.9));
#1874=CARTESIAN_POINT('Ctrl Pts',(-4.60000122789999,18.9471846646157,15.935708554202));
#1875=CARTESIAN_POINT('Ctrl Pts',(-7.60000122789999,18.9471846646157,15.935708554202));
#1876=CARTESIAN_POINT('Ctrl Pts',(-4.60000122789999,18.957139376772,16.0057538420529));
#1877=CARTESIAN_POINT('Ctrl Pts',(-7.60000122789999,18.957139376772,16.0057538420529));
#1878=CARTESIAN_POINT('Ctrl Pts',(-4.60000122789999,18.9761867805396,16.106706438293));
#1879=CARTESIAN_POINT('Ctrl Pts',(-7.60000122789999,18.9761867805396,16.106706438293));
#1880=CARTESIAN_POINT('Ctrl Pts',(-4.60000122789999,19.0099504903535,16.2329427284833));
#1881=CARTESIAN_POINT('Ctrl Pts',(-7.60000122789999,19.0099504903535,16.2329427284833));
#1882=CARTESIAN_POINT('Ctrl Pts',(-4.60000122789999,19.0670468474307,16.3758463714031));
#1883=CARTESIAN_POINT('Ctrl Pts',(-7.60000122789999,19.0670468474307,16.3758463714031));
#1884=CARTESIAN_POINT('Ctrl Pts',(-4.60000122789999,19.1403657831432,16.5025274356818));
#1885=CARTESIAN_POINT('Ctrl Pts',(-7.60000122789999,19.1403657831432,16.5025274356818));
#1886=CARTESIAN_POINT('Ctrl Pts',(-4.60000122789999,19.2312311832944,16.611662035519));
#1887=CARTESIAN_POINT('Ctrl Pts',(-7.60000122789999,19.2312311832944,16.611662035519));
#1888=CARTESIAN_POINT('Ctrl Pts',(-4.60000122789999,19.3403657831249,16.7025274356772));
#1889=CARTESIAN_POINT('Ctrl Pts',(-7.60000122789999,19.3403657831249,16.7025274356772));
#1890=CARTESIAN_POINT('Ctrl Pts',(-4.60000122789999,19.4670468473986,16.7758463713949));
#1891=CARTESIAN_POINT('Ctrl Pts',(-7.60000122789999,19.4670468473986,16.7758463713949));
#1892=CARTESIAN_POINT('Ctrl Pts',(-4.60000122789999,19.6099504903166,16.832942728474));
#1893=CARTESIAN_POINT('Ctrl Pts',(-7.60000122789999,19.6099504903166,16.832942728474));
#1894=CARTESIAN_POINT('Ctrl Pts',(-4.60000122789999,19.7361867805093,16.8667064382854));
#1895=CARTESIAN_POINT('Ctrl Pts',(-7.60000122789999,19.7361867805093,16.8667064382854));
#1896=CARTESIAN_POINT('Ctrl Pts',(-4.60000122789999,19.8371393767539,16.8857538420483));
#1897=CARTESIAN_POINT('Ctrl Pts',(-7.60000122789999,19.8371393767539,16.8857538420483));
#1898=CARTESIAN_POINT('Ctrl Pts',(-4.60000122789999,19.9071846646091,16.8957085542003));
#1899=CARTESIAN_POINT('Ctrl Pts',(-7.60000122789999,19.9071846646091,16.8957085542003));
#1900=CARTESIAN_POINT('Ctrl Pts',(-4.60000122789999,19.9428932188135,16.9));
#1901=CARTESIAN_POINT('Ctrl Pts',(-7.60000122789999,19.9428932188135,16.9));
#1902=CARTESIAN_POINT('',(-4.60000122789999,18.9428932188135,15.9));
#1903=CARTESIAN_POINT('Ctrl Pts',(-4.60000122789999,19.9428932188135,16.9));
#1904=CARTESIAN_POINT('Ctrl Pts',(-4.60000122789999,19.9071846646091,16.8957085542003));
#1905=CARTESIAN_POINT('Ctrl Pts',(-4.60000122789999,19.8371393767539,16.8857538420483));
#1906=CARTESIAN_POINT('Ctrl Pts',(-4.60000122789999,19.7361867805093,16.8667064382854));
#1907=CARTESIAN_POINT('Ctrl Pts',(-4.60000122789999,19.6099504903166,16.832942728474));
#1908=CARTESIAN_POINT('Ctrl Pts',(-4.60000122789999,19.4670468473986,16.7758463713949));
#1909=CARTESIAN_POINT('Ctrl Pts',(-4.60000122789999,19.3403657831249,16.7025274356772));
#1910=CARTESIAN_POINT('Ctrl Pts',(-4.60000122789999,19.2312311832944,16.611662035519));
#1911=CARTESIAN_POINT('Ctrl Pts',(-4.60000122789999,19.1403657831432,16.5025274356818));
#1912=CARTESIAN_POINT('Ctrl Pts',(-4.60000122789999,19.0670468474307,16.3758463714031));
#1913=CARTESIAN_POINT('Ctrl Pts',(-4.60000122789999,19.0099504903535,16.2329427284833));
#1914=CARTESIAN_POINT('Ctrl Pts',(-4.60000122789999,18.9761867805396,16.106706438293));
#1915=CARTESIAN_POINT('Ctrl Pts',(-4.60000122789999,18.957139376772,16.0057538420529));
#1916=CARTESIAN_POINT('Ctrl Pts',(-4.60000122789999,18.9471846646157,15.935708554202));
#1917=CARTESIAN_POINT('Ctrl Pts',(-4.60000122789999,18.9428932188135,15.9));
#1918=CARTESIAN_POINT('',(-4.60000122789999,18.9428932188135,15.9));
#1919=CARTESIAN_POINT('Origin',(-4.60000122789999,18.9428932188135,14.3));
#1920=CARTESIAN_POINT('',(-4.60000122789999,18.9428932188135,14.3));
#1921=CARTESIAN_POINT('',(-4.60000122789999,18.9428932188135,15.9));
#1922=CARTESIAN_POINT('',(-4.60000122789999,18.9428932188135,14.3));
#1923=CARTESIAN_POINT('Origin',(-4.60000122789999,17.9428932188135,14.3));
#1924=CARTESIAN_POINT('',(-4.60000122789999,17.9428932188135,13.3));
#1925=CARTESIAN_POINT('Origin',(-4.60000122789999,17.9428932188135,14.3));
#1926=CARTESIAN_POINT('',(-4.60000122789999,17.9428932188135,13.3));
#1927=CARTESIAN_POINT('Origin',(-4.60000122789999,2.56659001085972,13.3));
#1928=CARTESIAN_POINT('',(-4.60000122789999,2.56659001085972,13.3));
#1929=CARTESIAN_POINT('',(-4.60000122789999,17.9428932188135,13.3));
#1930=CARTESIAN_POINT('',(-4.60000122789999,2.56659001085972,13.3));
#1931=CARTESIAN_POINT('Origin',(-4.60000122789999,2.56659001085972,13.8117371064499));
#1932=CARTESIAN_POINT('',(-4.60000122789999,2.54281398879347,14.3229215808741));
#1933=CARTESIAN_POINT('Origin',(-4.60000122789999,2.56659001085972,13.8117371064499));
#1934=CARTESIAN_POINT('',(-4.60000122789999,2.54281398879347,14.3229215808741));
#1935=CARTESIAN_POINT('Origin',(-4.60000122789999,16.9893546181659,14.9948537031705));
#1936=CARTESIAN_POINT('',(-4.60000122789999,16.9893546181659,14.9948537031705));
#1937=CARTESIAN_POINT('',(-4.60000122789999,16.9893546181659,14.9948537031705));
#1938=CARTESIAN_POINT('',(-4.60000122789999,16.9893546181659,14.9948537031705));
#1939=CARTESIAN_POINT('Ctrl Pts',(-4.60000122789999,17.9428932188135,15.9937737892486));
#1940=CARTESIAN_POINT('Ctrl Pts',(-7.60000122789999,17.9428932188135,15.9937737892486));
#1941=CARTESIAN_POINT('Ctrl Pts',(-4.60000122789999,17.9390007801625,15.9593066141476));
#1942=CARTESIAN_POINT('Ctrl Pts',(-7.60000122789999,17.9390007801625,15.9593066141476));
#1943=CARTESIAN_POINT('Ctrl Pts',(-4.60000122789999,17.9298903862407,15.8916375616205));
#1944=CARTESIAN_POINT('Ctrl Pts',(-7.60000122789999,17.9298903862407,15.8916375616205));
#1945=CARTESIAN_POINT('Ctrl Pts',(-4.60000122789999,17.9122483673639,15.7939297595247));
#1946=CARTESIAN_POINT('Ctrl Pts',(-7.60000122789999,17.9122483673639,15.7939297595247));
#1947=CARTESIAN_POINT('Ctrl Pts',(-4.60000122789999,17.8806409265342,15.6713701444882));
#1948=CARTESIAN_POINT('Ctrl Pts',(-7.60000122789999,17.8806409265342,15.6713701444882));
#1949=CARTESIAN_POINT('Ctrl Pts',(-4.60000122789999,17.8267425553863,15.5319059924786));
#1950=CARTESIAN_POINT('Ctrl Pts',(-7.60000122789999,17.8267425553863,15.5319059924786));
#1951=CARTESIAN_POINT('Ctrl Pts',(-4.60000122789999,17.757169176632,15.4074047239096));
#1952=CARTESIAN_POINT('Ctrl Pts',(-7.60000122789999,17.757169176632,15.4074047239096));
#1953=CARTESIAN_POINT('Ctrl Pts',(-4.60000122789999,17.6706415904326,15.2990874238739));
#1954=CARTESIAN_POINT('Ctrl Pts',(-7.60000122789999,17.6706415904326,15.2990874238739));
#1955=CARTESIAN_POINT('Ctrl Pts',(-4.60000122789999,17.5664614564945,15.2076207066862));
#1956=CARTESIAN_POINT('Ctrl Pts',(-7.60000122789999,17.5664614564945,15.2076207066862));
#1957=CARTESIAN_POINT('Ctrl Pts',(-4.60000122789999,17.4453271151134,15.1323379580337));
#1958=CARTESIAN_POINT('Ctrl Pts',(-7.60000122789999,17.4453271151134,15.1323379580337));
#1959=CARTESIAN_POINT('Ctrl Pts',(-4.60000122789999,17.3085177661298,15.0720180928256));
#1960=CARTESIAN_POINT('Ctrl Pts',(-7.60000122789999,17.3085177661298,15.0720180928256));
#1961=CARTESIAN_POINT('Ctrl Pts',(-4.60000122789999,17.1875590308588,15.0347504940924));
#1962=CARTESIAN_POINT('Ctrl Pts',(-7.60000122789999,17.1875590308588,15.0347504940924));
#1963=CARTESIAN_POINT('Ctrl Pts',(-4.60000122789999,17.0907764176632,15.0125878858641));
#1964=CARTESIAN_POINT('Ctrl Pts',(-7.60000122789999,17.0907764176632,15.0125878858641));
#1965=CARTESIAN_POINT('Ctrl Pts',(-4.60000122789999,17.0236037235381,15.0003433315099));
#1966=CARTESIAN_POINT('Ctrl Pts',(-7.60000122789999,17.0236037235381,15.0003433315099));
#1967=CARTESIAN_POINT('Ctrl Pts',(-4.60000122789999,16.9893546181659,14.9948537031705));
#1968=CARTESIAN_POINT('Ctrl Pts',(-7.60000122789999,16.9893546181659,14.9948537031705));
#1969=CARTESIAN_POINT('',(-4.60000122789999,17.9428932188135,15.9937737892486));
#1970=CARTESIAN_POINT('Ctrl Pts',(-4.60000122789999,16.9893546181659,14.9948537031705));
#1971=CARTESIAN_POINT('Ctrl Pts',(-4.60000122789999,17.0236037235381,15.0003433315099));
#1972=CARTESIAN_POINT('Ctrl Pts',(-4.60000122789999,17.0907764176632,15.0125878858641));
#1973=CARTESIAN_POINT('Ctrl Pts',(-4.60000122789999,17.1875590308588,15.0347504940924));
#1974=CARTESIAN_POINT('Ctrl Pts',(-4.60000122789999,17.3085177661298,15.0720180928256));
#1975=CARTESIAN_POINT('Ctrl Pts',(-4.60000122789999,17.4453271151134,15.1323379580337));
#1976=CARTESIAN_POINT('Ctrl Pts',(-4.60000122789999,17.5664614564945,15.2076207066862));
#1977=CARTESIAN_POINT('Ctrl Pts',(-4.60000122789999,17.6706415904326,15.2990874238739));
#1978=CARTESIAN_POINT('Ctrl Pts',(-4.60000122789999,17.757169176632,15.4074047239096));
#1979=CARTESIAN_POINT('Ctrl Pts',(-4.60000122789999,17.8267425553863,15.5319059924786));
#1980=CARTESIAN_POINT('Ctrl Pts',(-4.60000122789999,17.8806409265342,15.6713701444882));
#1981=CARTESIAN_POINT('Ctrl Pts',(-4.60000122789999,17.9122483673639,15.7939297595247));
#1982=CARTESIAN_POINT('Ctrl Pts',(-4.60000122789999,17.9298903862407,15.8916375616205));
#1983=CARTESIAN_POINT('Ctrl Pts',(-4.60000122789999,17.9390007801625,15.9593066141476));
#1984=CARTESIAN_POINT('Ctrl Pts',(-4.60000122789999,17.9428932188135,15.9937737892486));
#1985=CARTESIAN_POINT('',(-4.60000122789999,17.9428932188135,15.9937737892486));
#1986=CARTESIAN_POINT('Origin',(-4.60000122789999,17.9428932188135,16.9));
#1987=CARTESIAN_POINT('',(-4.60000122789999,17.9428932188135,16.9));
#1988=CARTESIAN_POINT('',(-4.60000122789999,17.9428932188135,15.9937737892486));
#1989=CARTESIAN_POINT('',(-4.60000122789999,17.9428932188135,16.9));
#1990=CARTESIAN_POINT('Ctrl Pts',(-4.60000122789999,17.7964466094067,17.2535533905933));
#1991=CARTESIAN_POINT('Ctrl Pts',(-7.60000122789999,17.7964466094067,17.2535533905933));
#1992=CARTESIAN_POINT('Ctrl Pts',(-4.60000122789999,17.8020425764611,17.2475870447957));
#1993=CARTESIAN_POINT('Ctrl Pts',(-7.60000122789999,17.8020425764611,17.2475870447957));
#1994=CARTESIAN_POINT('Ctrl Pts',(-4.60000122789999,17.8130015996855,17.235557878353));
#1995=CARTESIAN_POINT('Ctrl Pts',(-7.60000122789999,17.8130015996855,17.235557878353));
#1996=CARTESIAN_POINT('Ctrl Pts',(-4.60000122789999,17.8287414232826,17.2172247130167));
#1997=CARTESIAN_POINT('Ctrl Pts',(-7.60000122789999,17.8287414232826,17.2172247130167));
#1998=CARTESIAN_POINT('Ctrl Pts',(-4.60000122789999,17.8483072569127,17.1921920616776));
#1999=CARTESIAN_POINT('Ctrl Pts',(-7.60000122789999,17.8483072569127,17.1921920616776));
#2000=CARTESIAN_POINT('Ctrl Pts',(-4.60000122789999,17.8702361981235,17.1598539702981));
#2001=CARTESIAN_POINT('Ctrl Pts',(-7.60000122789999,17.8702361981235,17.1598539702981));
#2002=CARTESIAN_POINT('Ctrl Pts',(-4.60000122789999,17.8894108322032,17.1263750075473));
#2003=CARTESIAN_POINT('Ctrl Pts',(-7.60000122789999,17.8894108322032,17.1263750075473));
#2004=CARTESIAN_POINT('Ctrl Pts',(-4.60000122789999,17.9056063867432,17.0916620696454));
#2005=CARTESIAN_POINT('Ctrl Pts',(-7.60000122789999,17.9056063867432,17.0916620696454));
#2006=CARTESIAN_POINT('Ctrl Pts',(-4.60000122789999,17.9187001540754,17.0556643294134));
#2007=CARTESIAN_POINT('Ctrl Pts',(-7.60000122789999,17.9187001540754,17.0556643294134));
#2008=CARTESIAN_POINT('Ctrl Pts',(-4.60000122789999,17.9288148418702,17.0184326140342));
#2009=CARTESIAN_POINT('Ctrl Pts',(-7.60000122789999,17.9288148418702,17.0184326140342));
#2010=CARTESIAN_POINT('Ctrl Pts',(-4.60000122789999,17.9361752225382,16.9800600272911));
#2011=CARTESIAN_POINT('Ctrl Pts',(-7.60000122789999,17.9361752225382,16.9800600272911));
#2012=CARTESIAN_POINT('Ctrl Pts',(-4.60000122789999,17.9400408464166,16.9485241361408));
#2013=CARTESIAN_POINT('Ctrl Pts',(-7.60000122789999,17.9400408464166,16.9485241361408));
#2014=CARTESIAN_POINT('Ctrl Pts',(-4.60000122789999,17.9418746159544,16.924430894616));
#2015=CARTESIAN_POINT('Ctrl Pts',(-7.60000122789999,17.9418746159544,16.924430894616));
#2016=CARTESIAN_POINT('Ctrl Pts',(-4.60000122789999,17.9426313214883,16.9081757898207));
#2017=CARTESIAN_POINT('Ctrl Pts',(-7.60000122789999,17.9426313214883,16.9081757898207));
#2018=CARTESIAN_POINT('Ctrl Pts',(-4.60000122789999,17.9428932188135,16.9));
#2019=CARTESIAN_POINT('Ctrl Pts',(-7.60000122789999,17.9428932188135,16.9));
#2020=CARTESIAN_POINT('',(-4.60000122789999,17.7964466094067,17.2535533905933));
#2021=CARTESIAN_POINT('Ctrl Pts',(-4.60000122789999,17.9428932188135,16.9));
#2022=CARTESIAN_POINT('Ctrl Pts',(-4.60000122789999,17.9426313214883,16.9081757898207));
#2023=CARTESIAN_POINT('Ctrl Pts',(-4.60000122789999,17.9418746159544,16.924430894616));
#2024=CARTESIAN_POINT('Ctrl Pts',(-4.60000122789999,17.9400408464166,16.9485241361408));
#2025=CARTESIAN_POINT('Ctrl Pts',(-4.60000122789999,17.9361752225382,16.9800600272911));
#2026=CARTESIAN_POINT('Ctrl Pts',(-4.60000122789999,17.9288148418702,17.0184326140342));
#2027=CARTESIAN_POINT('Ctrl Pts',(-4.60000122789999,17.9187001540754,17.0556643294134));
#2028=CARTESIAN_POINT('Ctrl Pts',(-4.60000122789999,17.9056063867432,17.0916620696454));
#2029=CARTESIAN_POINT('Ctrl Pts',(-4.60000122789999,17.8894108322032,17.1263750075473));
#2030=CARTESIAN_POINT('Ctrl Pts',(-4.60000122789999,17.8702361981235,17.1598539702981));
#2031=CARTESIAN_POINT('Ctrl Pts',(-4.60000122789999,17.8483072569127,17.1921920616776));
#2032=CARTESIAN_POINT('Ctrl Pts',(-4.60000122789999,17.8287414232826,17.2172247130167));
#2033=CARTESIAN_POINT('Ctrl Pts',(-4.60000122789999,17.8130015996855,17.235557878353));
#2034=CARTESIAN_POINT('Ctrl Pts',(-4.60000122789999,17.8020425764611,17.2475870447957));
#2035=CARTESIAN_POINT('Ctrl Pts',(-4.60000122789999,17.7964466094067,17.2535533905933));
#2036=CARTESIAN_POINT('',(-4.60000122789999,17.7964466094067,17.2535533905933));
#2037=CARTESIAN_POINT('Origin',(-4.60000122789999,16.5964466094067,18.4535533905933));
#2038=CARTESIAN_POINT('',(-4.60000122789999,16.5964466094067,18.4535533905933));
#2039=CARTESIAN_POINT('',(-4.60000122789999,17.7964466094067,17.2535533905933));
#2040=CARTESIAN_POINT('',(-4.60000122789999,16.5964466094067,18.4535533905933));
#2041=CARTESIAN_POINT('Ctrl Pts',(-4.60000122789999,15.8893398282202,18.4535533905933));
#2042=CARTESIAN_POINT('Ctrl Pts',(-7.60000122789999,15.8893398282202,18.4535533905933));
#2043=CARTESIAN_POINT('Ctrl Pts',(-4.60000122789999,15.9034819638475,18.464661015795));
#2044=CARTESIAN_POINT('Ctrl Pts',(-7.60000122789999,15.9034819638475,18.464661015795));
#2045=CARTESIAN_POINT('Ctrl Pts',(-4.60000122789999,15.9317662351014,18.4859062425821));
#2046=CARTESIAN_POINT('Ctrl Pts',(-7.60000122789999,15.9317662351014,18.4859062425821));
#2047=CARTESIAN_POINT('Ctrl Pts',(-4.60000122789999,15.9741926419795,18.5148641010962));
#2048=CARTESIAN_POINT('Ctrl Pts',(-7.60000122789999,15.9741926419795,18.5148641010962));
#2049=CARTESIAN_POINT('Ctrl Pts',(-4.60000122789999,16.0307611844785,18.5475580954299));
#2050=CARTESIAN_POINT('Ctrl Pts',(-7.60000122789999,16.0307611844785,18.5475580954299));
#2051=CARTESIAN_POINT('Ctrl Pts',(-4.60000122789999,16.1014718625949,18.5778955522743));
#2052=CARTESIAN_POINT('Ctrl Pts',(-7.60000122789999,16.1014718625949,18.5778955522743));
#2053=CARTESIAN_POINT('Ctrl Pts',(-4.60000122789999,16.1721825407058,18.5967619137491));
#2054=CARTESIAN_POINT('Ctrl Pts',(-7.60000122789999,16.1721825407058,18.5967619137491));
#2055=CARTESIAN_POINT('Ctrl Pts',(-4.60000122789999,16.2428932188136,18.6032210512287));
#2056=CARTESIAN_POINT('Ctrl Pts',(-7.60000122789999,16.2428932188136,18.6032210512287));
#2057=CARTESIAN_POINT('Ctrl Pts',(-4.60000122789999,16.3136038969208,18.5967619137278));
#2058=CARTESIAN_POINT('Ctrl Pts',(-7.60000122789999,16.3136038969208,18.5967619137278));
#2059=CARTESIAN_POINT('Ctrl Pts',(-4.60000122789999,16.3843145750304,18.5778955522371));
#2060=CARTESIAN_POINT('Ctrl Pts',(-7.60000122789999,16.3843145750304,18.5778955522371));
#2061=CARTESIAN_POINT('Ctrl Pts',(-4.60000122789999,16.4550252531455,18.5475580953871));
#2062=CARTESIAN_POINT('Ctrl Pts',(-7.60000122789999,16.4550252531455,18.5475580953871));
#2063=CARTESIAN_POINT('Ctrl Pts',(-4.60000122789999,16.5115937956445,18.514864101061));
#2064=CARTESIAN_POINT('Ctrl Pts',(-7.60000122789999,16.5115937956445,18.514864101061));
#2065=CARTESIAN_POINT('Ctrl Pts',(-4.60000122789999,16.5540202025236,18.4859062425611));
#2066=CARTESIAN_POINT('Ctrl Pts',(-7.60000122789999,16.5540202025236,18.4859062425611));
#2067=CARTESIAN_POINT('Ctrl Pts',(-4.60000122789999,16.5823044737786,18.4646610157873));
#2068=CARTESIAN_POINT('Ctrl Pts',(-7.60000122789999,16.5823044737786,18.4646610157873));
#2069=CARTESIAN_POINT('Ctrl Pts',(-4.60000122789999,16.5964466094067,18.4535533905933));
#2070=CARTESIAN_POINT('Ctrl Pts',(-7.60000122789999,16.5964466094067,18.4535533905933));
#2071=CARTESIAN_POINT('',(-4.60000122789999,15.8893398282202,18.4535533905933));
#2072=CARTESIAN_POINT('Ctrl Pts',(-4.60000122789999,16.5964466094067,18.4535533905933));
#2073=CARTESIAN_POINT('Ctrl Pts',(-4.60000122789999,16.5823044737786,18.4646610157873));
#2074=CARTESIAN_POINT('Ctrl Pts',(-4.60000122789999,16.5540202025236,18.4859062425611));
#2075=CARTESIAN_POINT('Ctrl Pts',(-4.60000122789999,16.5115937956445,18.514864101061));
#2076=CARTESIAN_POINT('Ctrl Pts',(-4.60000122789999,16.4550252531455,18.5475580953871));
#2077=CARTESIAN_POINT('Ctrl Pts',(-4.60000122789999,16.3843145750304,18.5778955522371));
#2078=CARTESIAN_POINT('Ctrl Pts',(-4.60000122789999,16.3136038969208,18.5967619137278));
#2079=CARTESIAN_POINT('Ctrl Pts',(-4.60000122789999,16.2428932188136,18.6032210512287));
#2080=CARTESIAN_POINT('Ctrl Pts',(-4.60000122789999,16.1721825407058,18.5967619137491));
#2081=CARTESIAN_POINT('Ctrl Pts',(-4.60000122789999,16.1014718625949,18.5778955522743));
#2082=CARTESIAN_POINT('Ctrl Pts',(-4.60000122789999,16.0307611844785,18.5475580954299));
#2083=CARTESIAN_POINT('Ctrl Pts',(-4.60000122789999,15.9741926419795,18.5148641010962));
#2084=CARTESIAN_POINT('Ctrl Pts',(-4.60000122789999,15.9317662351014,18.4859062425821));
#2085=CARTESIAN_POINT('Ctrl Pts',(-4.60000122789999,15.9034819638475,18.464661015795));
#2086=CARTESIAN_POINT('Ctrl Pts',(-4.60000122789999,15.8893398282202,18.4535533905933));
#2087=CARTESIAN_POINT('',(-4.60000122789999,15.8893398282202,18.4535533905933));
#2088=CARTESIAN_POINT('Origin',(-4.60000122789999,14.4822330470336,17.0464466094068));
#2089=CARTESIAN_POINT('',(-4.60000122789999,14.4822330470336,17.0464466094068));
#2090=CARTESIAN_POINT('',(-4.60000122789999,15.8893398282202,18.4535533905933));
#2091=CARTESIAN_POINT('',(-4.60000122789999,14.4822330470336,17.0464466094068));
#2092=CARTESIAN_POINT('Origin',(-4.60000122789999,14.1286796564404,17.4));
#2093=CARTESIAN_POINT('',(-4.60000122789999,14.1286796564404,16.9));
#2094=CARTESIAN_POINT('Origin',(-4.60000122789999,14.1286796564404,17.4));
#2095=CARTESIAN_POINT('',(-4.60000122789999,14.1286796564404,16.9));
#2096=CARTESIAN_POINT('Origin',(-4.60000122789999,-1.95,16.9));
#2097=CARTESIAN_POINT('',(-4.60000122789999,-1.95,16.9));
#2098=CARTESIAN_POINT('',(-4.60000122789999,-1.95,16.9));
#2099=CARTESIAN_POINT('',(-4.60000122789999,-1.95,16.9));
#2100=CARTESIAN_POINT('Origin',(-4.60000122789999,-1.95,13.5));
#2101=CARTESIAN_POINT('',(-4.60000122789999,-4.35416305603426,15.9041630560343));
#2102=CARTESIAN_POINT('Origin',(-4.60000122789999,-1.95,13.5));
#2103=CARTESIAN_POINT('',(-4.60000122789999,-4.35416305603426,15.9041630560343));
#2104=CARTESIAN_POINT('Origin',(-4.60000122789999,-1.90853254584879,13.4828236180935));
#2105=CARTESIAN_POINT('',(-4.60000122789999,-5.35,13.5));
#2106=CARTESIAN_POINT('Origin',(-4.60000122789999,-1.90853254584879,13.4828236180935));
#2107=CARTESIAN_POINT('',(-4.60000122789999,-5.35,13.5));
#2108=CARTESIAN_POINT('Origin',(-4.60000122789999,-5.35,9.1));
#2109=CARTESIAN_POINT('',(-4.60000122789999,-5.35,9.1));
#2110=CARTESIAN_POINT('',(-4.60000122789999,-5.35,13.5));
#2111=CARTESIAN_POINT('',(-4.60000122789999,-5.35,9.1));
#2112=CARTESIAN_POINT('Origin',(-4.60000122789999,-1.90853254584879,9.11717638190652));
#2113=CARTESIAN_POINT('',(-4.60000122789999,-4.35416305603426,6.69583694396574));
#2114=CARTESIAN_POINT('Origin',(-4.60000122789999,-1.90853254584879,9.11717638190652));
#2115=CARTESIAN_POINT('',(-4.60000122789999,-4.35416305603426,6.69583694396574));
#2116=CARTESIAN_POINT('Origin',(-4.60000122789999,-1.95,9.1));
#2117=CARTESIAN_POINT('',(-4.60000122789999,-1.95,5.7));
#2118=CARTESIAN_POINT('Origin',(-4.60000122789999,-1.95,9.1));
#2119=CARTESIAN_POINT('',(-4.60000122789999,-1.95,5.7));
#2120=CARTESIAN_POINT('Origin',(-4.60000122789999,14.1286796564404,5.69999999999998));
#2121=CARTESIAN_POINT('',(-4.60000122789999,14.1286796564404,5.69999999999998));
#2122=CARTESIAN_POINT('Origin',(-4.60000122789999,10.1500000000001,11.3000000000001));
#2123=CARTESIAN_POINT('',(0.,0.,0.));
#2124=UNCERTAINTY_MEASURE_WITH_UNIT(LENGTH_MEASURE(0.01),#2130,
'DISTANCE_ACCURACY_VALUE',
'Maximum model space distance between geometric entities at asserted c
onnectivities');
#2125=UNCERTAINTY_MEASURE_WITH_UNIT(LENGTH_MEASURE(0.01),#2130,
'DISTANCE_ACCURACY_VALUE',
'Maximum model space distance between geometric entities at asserted c
onnectivities');
#2126=UNCERTAINTY_MEASURE_WITH_UNIT(LENGTH_MEASURE(0.01),#2130,
'DISTANCE_ACCURACY_VALUE',
'Maximum model space distance between geometric entities at asserted c
onnectivities');
#2127=(
GEOMETRIC_REPRESENTATION_CONTEXT(3)
GLOBAL_UNCERTAINTY_ASSIGNED_CONTEXT((#2124))
GLOBAL_UNIT_ASSIGNED_CONTEXT((#2130,#2132,#2133))
REPRESENTATION_CONTEXT('','3D')
);
#2128=(
GEOMETRIC_REPRESENTATION_CONTEXT(3)
GLOBAL_UNCERTAINTY_ASSIGNED_CONTEXT((#2125))
GLOBAL_UNIT_ASSIGNED_CONTEXT((#2130,#2132,#2133))
REPRESENTATION_CONTEXT('','3D')
);
#2129=(
GEOMETRIC_REPRESENTATION_CONTEXT(3)
GLOBAL_UNCERTAINTY_ASSIGNED_CONTEXT((#2126))
GLOBAL_UNIT_ASSIGNED_CONTEXT((#2130,#2132,#2133))
REPRESENTATION_CONTEXT('','3D')
);
#2130=(
LENGTH_UNIT()
NAMED_UNIT(*)
SI_UNIT(.MILLI.,.METRE.)
);
#2131=(
LENGTH_UNIT()
NAMED_UNIT(*)
SI_UNIT($,.METRE.)
);
#2132=(
NAMED_UNIT(*)
PLANE_ANGLE_UNIT()
SI_UNIT($,.RADIAN.)
);
#2133=(
NAMED_UNIT(*)
SI_UNIT($,.STERADIAN.)
SOLID_ANGLE_UNIT()
);
#2134=SHAPE_DEFINITION_REPRESENTATION(#2136,#2139);
#2135=SHAPE_DEFINITION_REPRESENTATION(#2137,#2140);
#2136=PRODUCT_DEFINITION_SHAPE('',$,#2142);
#2137=PRODUCT_DEFINITION_SHAPE('',$,#2143);
#2138=PRODUCT_DEFINITION_SHAPE($,$,#14);
#2139=SHAPE_REPRESENTATION('',(#1038,#1112),#2127);
#2140=SHAPE_REPRESENTATION('',(#1039),#2128);
#2141=PRODUCT_DEFINITION_CONTEXT('part definition',#2149,'design');
#2142=PRODUCT_DEFINITION('DIN Rail V2','DIN Rail V2 v44',#2144,#2141);
#2143=PRODUCT_DEFINITION('Halter','Halter',#2145,#2141);
#2144=PRODUCT_DEFINITION_FORMATION('',$,#2151);
#2145=PRODUCT_DEFINITION_FORMATION('',$,#2152);
#2146=PRODUCT_RELATED_PRODUCT_CATEGORY('DIN Rail V2 v44',
'DIN Rail V2 v44',(#2151));
#2147=PRODUCT_RELATED_PRODUCT_CATEGORY('Halter','Halter',(#2152));
#2148=APPLICATION_PROTOCOL_DEFINITION('international standard',
'automotive_design',2009,#2149);
#2149=APPLICATION_CONTEXT(
'Core Data for Automotive Mechanical Design Process');
#2150=PRODUCT_CONTEXT('part definition',#2149,'mechanical');
#2151=PRODUCT('DIN Rail V2','DIN Rail V2 v44',$,(#2150));
#2152=PRODUCT('Halter','Halter',$,(#2150));
#2153=PRESENTATION_STYLE_ASSIGNMENT((#2158));
#2154=PRESENTATION_STYLE_ASSIGNMENT((#2159));
#2155=PRESENTATION_STYLE_ASSIGNMENT((#2160));
#2156=PRESENTATION_STYLE_ASSIGNMENT((#2161));
#2157=PRESENTATION_STYLE_ASSIGNMENT((#2162));
#2158=SURFACE_STYLE_USAGE(.BOTH.,#2163);
#2159=SURFACE_STYLE_USAGE(.BOTH.,#2164);
#2160=SURFACE_STYLE_USAGE(.BOTH.,#2165);
#2161=SURFACE_STYLE_USAGE(.BOTH.,#2166);
#2162=SURFACE_STYLE_USAGE(.BOTH.,#2167);
#2163=SURFACE_SIDE_STYLE('',(#2168));
#2164=SURFACE_SIDE_STYLE('',(#2169));
#2165=SURFACE_SIDE_STYLE('',(#2170));
#2166=SURFACE_SIDE_STYLE('',(#2171));
#2167=SURFACE_SIDE_STYLE('',(#2172));
#2168=SURFACE_STYLE_FILL_AREA(#2173);
#2169=SURFACE_STYLE_FILL_AREA(#2174);
#2170=SURFACE_STYLE_FILL_AREA(#2175);
#2171=SURFACE_STYLE_FILL_AREA(#2176);
#2172=SURFACE_STYLE_FILL_AREA(#2177);
#2173=FILL_AREA_STYLE('Pulverbeschichtung (Rot)',(#2178));
#2174=FILL_AREA_STYLE('Stahl - satiniert',(#2179));
#2175=FILL_AREA_STYLE('Pulverbeschichtung (Wei\X\DF)',(#2180));
#2176=FILL_AREA_STYLE('Pulverbeschichtung (Gr\X\FCn)',(#2181));
#2177=FILL_AREA_STYLE('Pulverbeschichtung (Gelb)',(#2182));
#2178=FILL_AREA_STYLE_COLOUR('Pulverbeschichtung (Rot)',#2183);
#2179=FILL_AREA_STYLE_COLOUR('Stahl - satiniert',#2184);
#2180=FILL_AREA_STYLE_COLOUR('Pulverbeschichtung (Wei\X\DF)',#2185);
#2181=FILL_AREA_STYLE_COLOUR('Pulverbeschichtung (Gr\X\FCn)',#2186);
#2182=FILL_AREA_STYLE_COLOUR('Pulverbeschichtung (Gelb)',#2187);
#2183=COLOUR_RGB('Pulverbeschichtung (Rot)',0.768627450980392,0.207843137254902,
0.152941176470588);
#2184=COLOUR_RGB('Stahl - satiniert',0.627450980392157,0.627450980392157,
0.627450980392157);
#2185=COLOUR_RGB('Pulverbeschichtung (Wei\X\DF)',0.964705882352941,0.964705882352941,
0.952941176470588);
#2186=COLOUR_RGB('Pulverbeschichtung (Gr\X\FCn)',0.266666666666667,0.588235294117647,
0.282352941176471);
#2187=COLOUR_RGB('Pulverbeschichtung (Gelb)',0.909803921568627,0.67843137254902,
0.137254901960784);
ENDSEC;
END-ISO-10303-21;
